Workbook

Sheet LISEZ-MOI
A1: TABLEAU_PLACETTE | B1: Informations relatives à la placette
A2: ID | B2: Identifiant
A3: DATE | B3: Date du relevé au format jj/mm/aaaa. NB : Le relevé phytosociologique peut avoir été réalisé plus tard que la date indiquée. Les relevés sans date ont été effectués entre le 26/05 et le 02/05
A4: OBS | B4: Observateurs
A5: X_L93 | B5: Coordonnée métrique X (Lambert 93)
A6: Y_L93 | B6: Coordonnée métrique Y (Lambert 93)
A7: PENTE | B7: Classe de pente. 1 = plat ou très faible, 2 = faible pente (<5%), 3 = pente moyenne (5 à 10 %), 4 = forte pente (10 à 30%), 5 = très forte pente (>30%)
A8: EXPO | B8: Exposition (°) calculée à partir du MNT
A9: ALTI | B9: Altitude (m) calculée à partir du MNT
A10: TOPO | B10: Classe de topographie. 1 = vallée, 2 = dépression, 3 = fond de vallon, 4 = bas de versant, 5 = milieu de versant, 6 = haut de versant, 7 = rebord de plateau ou de falaise, 8 = plateau, 9 = sommet
A11: G | B11: Surface terrière (m²/ha) mesurée à partir d’un tour relascopique au centre de la placette. Certaines données sont manquantes
A12: STC | B12: Classe de structure forestière (voir CLASSES_Structure)
... A56: Taux d’abroutissement | B56: Taux d’abroutissement de l’espèce sur la sous-placette de 38,5 m² (voir CALCUL_Taux)

Sheet TABLEAU_Placette
A1: ID | B1: DATE | C1: OBS | D1: X_L93 | E1: Y_L93 | F1: PENTE | G1: EXPO | H1: ALTI | I1: TOPO | J1: G | K1: STC | L1: REC_ARBO | M1: REC_ARBU | N1: REC_HERBA | O1: TRAN_NS_FECES | P1: TRAN_NS_FROT | Q1: TRAN_NS_ECOR | R1: TRAN_EO_FECES | S1: TRAN_EO_FROT | T1: TRAN_EO_ECOR | U1: POSI_SP1 | V1: POSI_SP2 | W1: POSI_SP3 | X1: PPL | Y1: UNI | Z1: REAL_PHYTO | AA1: REMARQUES | AB1: PROP_FORET_250 | AC1: PROP_FORET_500 | AD1: PROP_PRAIRIES_250 | AE1: PROP_PRAIRIES_500 | AF1: DIST_DEP | AG1: DIST_COM | AH1: DIST_GR | AI1: DIST_COURS_EAU | AJ1: PROP_FOR_ANC_500 | AK1: DIST_BAT | AL1: SURF_BAT_250 | AM1: SURF_BAT_500 | AN1: BHC_HI_2024 | AO1: DETH_HI_2024 | AP1: ETP_HI_2024 | AQ1: PREC_HI_2024 | AR1: RUTH_HI_2024 | AS1: TMAX_HI_2024 | AT1: TMIN_HI_2024 | AU1: TMOY_HI_2024 | AV1: PRELEV_CHEVREUIL_100HA | AW1: PRELEV_BICHES_100HA | AX1: PRELEV_CERF_ELAPHE_100HA | AY1: ZONE | AZ1: ZONE2 | BA1: DIST_LISIERE
A2: F1 | B2: 46122 | C2: Gabin Laville | D2: 687188.2 | E2: 6408711.7 | F2: 2 | G2: 45 | H2: 992 | I2: 5 | K2: FR | L2: 5 | M2: 3 | N2: 4 | O2: 0 | P2: 0 | Q2: 0 | R2: 0 | S2: 0 | T2: 0 | U2: Nord | V2: Sud | W2: Est | X2: HET | Y2: HET | Z2: =IF(ISNUMBER(MATCH(A2, TABLEAU_Floristique!B$1:DC$1, 0)), "OUI","NON") -> OUI | AB2: 0.63028 | AC2: 0.30881 | AD2: 0.5065897 | AE2: 0.82941566 | AF2: 793.7768 | AG2: 491.34709 | AH2: 18815.412 | AI2: 110.39177 | AJ2: 0.14228 | AK2: 346.27473 | AM2: 1509.6065 | AN2: 788 | AO2: 0 | AP2: 180 | AQ2: 2927 | AR2: 587 | AS2: 73 | AT2: 2 | AU2: 36 | AV2: 0.72789 | AW2: 0.0065 | AX2: 0.05199 | AY2: AUTRE | AZ2: VIADENE | BA2: 78.900673
A3: F10 | B3: 46120 | C3: Gabin Laville | D3: 692623.4 | E3: 6389721.9 | F3: 4 | G3: 353.21103 | H3: 970 | I3: 5 | K3: T | L3: 5 | M3: 5 | N3: 1 | O3: 3 | P3: 1 | Q3: 0 | R3: 3 | S3: 0 | T3: 0 | U3: Nord | V3: Sud | W3: Est | X3: MIX | Y3: FEU | Z3: =IF(ISNUMBER(MATCH(A3, TABLEAU_Floristique!B$1:DC$1, 0)), "OUI","NON") -> OUI | AB3: 0.6268 | AC3: 0.33572 | AD3: 0.42339992 | AE3: 0.63300644 | AF3: 568.80197 | AG3: 481.81069 | AH3: 2078.8406 | AI3: 57.450983 | AJ3: 0.05796 | AK3: 358.60857 | AM3: 703.0367 | AN3: 724 | AO3: 0 | AP3: 194 | AQ3: 2748 | AR3: 746 | AS3: 78 | AT3: -1 | AU3: 38 | AV3: 0.12987 | AW3: 1 | AX3: 3.33766 | AY3: BORALDES | AZ3: BORALDE_OUEST | BA3: 73.167107
A4: F100 | B4: 46175 | C4: Simon Chollet, Gabin Laville | D4: 688363.35 | E4: 6388081.3 | F4: 5 | G4: 220.10091 | H4: 786 | I4: 6 | K4: FI | L4: 4 | M4: 1 | N4: 2 | O4: 0 | P4: 0 | Q4: 0 | R4: 0 | S4: 0 | T4: 0 | U4: Nord | V4: Sud | W4: Est | X4: CHE | Y4: FEU | Z4: =IF(ISNUMBER(MATCH(A4, TABLEAU_Floristique!B$1:DC$1, 0)), "OUI","NON") -> OUI | AB4: 0.89396 | AC4: 0.83438 | AD4: 0.1060022 | AE4: 0.17689716 | AF4: 1156.7317 | AG4: 781.731 | AH4: 3876.5287 | AI4: 209.05104 | AJ4: 0.19687 | AK4: 923.20392 | AN4: 731 | AO4: 0 | AP4: 214 | AQ4: 2847 | AR4: 755 | AS4: 87 | AT4: 4 | AU4: 45 | AV4: 1.13314 | AW4: 0.7409 | AX4: 2.39704 | AY4: BORALDES | AZ4: BORALDE_OUEST | BA4: 165.89537
A5: F101 | B5: 46175 | C5: Simon Chollet, Gabin Laville | D5: 688363.68 | E5: 6388261 | F5: 2 | G5: 230.29008 | H5: 866 | I5: 7 | K5: MTF | L5: 5 | M5: 4 | N5: 2 | O5: 0 | P5: 0 | Q5: 0 | R5: 0 | S5: 0 | T5: 0 | U5: Nord | V5: Sud | W5: Est | X5: CHA | Y5: FEU | Z5: =IF(ISNUMBER(MATCH(A5, TABLEAU_Floristique!B$1:DC$1, 0)), "OUI","NON") -> OUI | AB5: 0.65804 | AC5: 0.69717 | AD5: 0.34588849 | AE5: 0.31182683 | AF5: 1307.6995 | AG5: 619.0306 | AH5: 4038.3033 | AI5: 222.83144 | AJ5: 0.06885 | AK5: 904.52316 | AN5: 731 | AO5: 0 | AP5: 214 | AQ5: 2847 | AR5: 755 | AS5: 87 | AT5: 4 | AU5: 45 | AV5: 1.13314 | AW5: 0.7409 | AX5: 2.39704 | AY5: BORALDES | AZ5: BORALDE_OUEST | BA5: 2.026297
A6: F102 | B6: 46175 | C6: Simon Chollet, Gabin Laville | D6: 686966.69 | E6: 6389989.3 | F6: 4 | G6: 321.84277 | H6: 812 | I6: 6 | K6: FI | L6: 5 | M6: 3 | N6: 1 | O6: 0 | P6: 0 | Q6: 0 | R6: 0 | S6: 0 | T6: 0 | U6: Nord | V6: Sud | W6: Est | X6: HET | Y6: HET | Z6: =IF(ISNUMBER(MATCH(A6, TABLEAU_Floristique!B$1:DC$1, 0)), "OUI","NON") -> OUI | AB6: 0.99205 | AC6: 0.96551 | AD6: 0.0013326081 | AE6: 0.032140366 | AF6: 1913.8303 | AG6: 452.97227 | AH6: 6219.1436 | AI6: 259.45895 | AJ6: 0.92871 | AK6: 877.95576 | AN6: 726 | AO6: 0 | AP6: 231 | AQ6: 2866 | AR6: 543 | AS6: 90 | AT6: 3 | AU6: 48 | AV6: 0.30278 | AW6: 0.16515 | AX6: 0.68814 | AY6: BORALDES | AZ6: BORALDE_OUEST | BA6: 238.98712
A7: F103 | B7: 46175 | C7: Simon Chollet, Gabin Laville | D7: 687155.61 | E7: 6389715.5 | F7: 4 | G7: 166.09732 | H7: 752 | I7: 5 | K7: FI | L7: 5 | M7: 5 | N7: 2 | O7: 0 | P7: 0 | Q7: 0 | R7: 0 | S7: 0 | T7: 0 | U7: Nord | V7: Sud | W7: Est | X7: FEU | Y7: FEU | Z7: =IF(ISNUMBER(MATCH(A7, TABLEAU_Floristique!B$1:DC$1, 0)), "OUI","NON") -> OUI | AB7: 0.99801 | AC7: 0.96783 | AE7: 0.029358544 | AF7: 2012.1493 | AG7: 137.54448 | AH7: 5887.6378 | AI7: 165.33785 | AJ7: 0.95093 | AK7: 914.54582 | AN7: 733 | AO7: 0 | AP7: 217 | AQ7: 2866 | AR7: 656 | AS7: 88 | AT7: 4 | AU7: 47 | AV7: 0.30278 | AW7: 0.16515 | AX7: 0.68814 | AY7: BORALDES | AZ7: BORALDE_OUEST | BA7: 284.70573
A8: F104 | B8: 46211 | C8: Gabin Laville | D8: 687639.89 | E8: 6390114.3 | F8: 3 | G8: 142.23692 | H8: 748 | I8: 5 | J8: 17 | K8: FI | L8: 4 | M8: 4 | N8: 5 | O8: 0 | P8: 0 | Q8: 0 | R8: 0 | S8: 0 | T8: 0 | U8: Nord | V8: Sud | W8: Est | X8: CHE | Y8: FEU | Z8: =IF(ISNUMBER(MATCH(A8, TABLEAU_Floristique!B$1:DC$1, 0)), "OUI","NON") -> OUI | AB8: 0.97052 | AC8: 0.87814 | AD8: 0.04028076 | AE8: 0.118771 | AF8: 1580.6302 | AG8: 66.180645 | AH8: 6024.98 | AI8: 146.39795 | AJ8: 0.50026 | AK8: 781.17596 | AN8: 733 | AO8: 0 | AP8: 217 | AQ8: 2846 | AR8: 656 | AS8: 88 | AT8: 4 | AU8: 47 | AV8: 0.30278 | AW8: 0.16515 | AX8: 0.68814 | AY8: BORALDES | AZ8: BORALDE_OUEST | BA8: 198.07038
A9: F105 | B9: 46196 | C9: Gabin Laville | D9: 689415.92 | E9: 6391393.9 | F9: 3 | G9: 311.82019 | H9: 920 | I9: 5 | J9: 15 | K9: FI | L9: 5 | M9: 4 | N9: 2 | O9: 0 | P9: 0 | Q9: 0 | R9: 0 | S9: 0 | T9: 0 | U9: Nord | V9: Sud | W9: Est | X9: FEU | Y9: FEU | Z9: =IF(ISNUMBER(MATCH(A9, TABLEAU_Floristique!B$1:DC$1, 0)), "OUI","NON") -> OUI | AB9: 0.61692 | AC9: 0.48215 | AD9: 0.35215009 | AE9: 0.45757318 | AF9: 245.76039 | AG9: 300.51117 | AH9: 5531.8833 | AI9: 301.07193 | AJ9: 0.22995 | AK9: 287.97233 | AM9: 4061.1617 | AN9: 747 | AO9: 0 | AP9: 190 | AQ9: 2825 | AR9: 733 | AS9: 76 | AT9: 6 | AU9: 38 | AV9: 1.13314 | AW9: 0.7409 | AX9: 2.39704 | AY9: BORALDES | AZ9: BORALDE_OUEST | BA9: 34.981955
A10: F106 | B10: 46190 | C10: Gabin Laville | D10: 696205.09 | E10: 6394209.8 | F10: 2 | G10: 239.03624 | H10: 1343 | I10: 5 | J10: 25 | K10: MTF | L10: 5 | M10: 4 | N10: 2 | O10: 0 | P10: 0 | Q10: 0 | R10: 0 | S10: 0 | T10: 0 | U10: Nord | V10: Sud | W10: Est | X10: MIX | Y10: HET | Z10: =IF(ISNUMBER(MATCH(A10, TABLEAU_Floristique!B$1:DC$1, 0)), "OUI","NON") -> OUI | AB10: 1 | AC10: 0.99639 | AE10: 0.0049399431 | AF10: 696.27374 | AG10: 919.29076 | AH10: 2732.8237 | AI10: 440.59639 | AJ10: 1 | AK10: 970.92298 | AN10: 761 | AO10: 0 | AP10: 121 | AQ10: 2660 | AR10: 827 | AS10: 51 | AT10: -3 | AU10: 22 | AV10: 1.13314 | AW10: 0.7409 | AX10: 2.39704 | AY10: BORALDES | AZ10: PLATEAU | BA10: 449.65969
A11: F107bis | B11: 46211 | C11: Gabin Laville | D11: 690189.5 | E11: 6386932.4 | F11: 5 | G11: 197.48801 | H11: 829 | I11: 3 | J11: 14 | K11: FI | L11: 4 | M11: 5 | N11: + | O11: 0 | P11: 0 | Q11: 0 | R11: 0 | S11: 0 | T11: 0 | U11: Nord | V11: Sud | W11: Est | X11: FEU | Y11: FEU | Z11: =IF(ISNUMBER(MATCH(A11, TABLEAU_Floristique!B$1:DC$1, 0)), "OUI","NON") -> OUI | AB11: 0.87533 | AC11: 0.58279 | AD11: 0.13670654 | AE11: 0.40623524 | AF11: 569.29655 | AG11: 400.17588 | AH11: 2268.3802 | AI11: 191.01581 | AJ11: 0.03616 | AK11: 355.38475 | AM11: 1202.519 | AN11: 719 | AO11: 0 | AP11: 212 | AQ11: 2807 | AR11: 602 | AS11: 81 | AT11: 5 | AU11: 43 | AV11: 0.12987 | AW11: 1 | AX11: 3.33766 | AY11: BORALDES | AZ11: BORALDE_CENTRE | BA11: 134.71576
A12: F11 | B12: 46120 | C12: Gabin Laville | D12: 693285.69 | E12: 6387986.1 | F12: 5 | G12: 183.42387 | H12: 884 | I12: 5 | K12: MTF | L12: 5 | M12: 3 | N12: 4 | O12: 0 | P12: 0 | Q12: 0 | R12: 0 | S12: 2 | T12: 0 | U12: Nord | V12: Sud | W12: Est | X12: CHE | Y12: FEU | Z12: =IF(ISNUMBER(MATCH(A12, TABLEAU_Floristique!B$1:DC$1, 0)), "OUI","NON") -> OUI | AB12: 0.4989 | AC12: 0.27906 | AD12: 0.50115837 | AE12: 0.64848111 | AF12: 97.870614 | AG12: 63.559777 | AH12: 494.58733 | AI12: 189.77477 | AK12: 233.0186 | AL12: 296.29749 | AM12: 15611.304 | AN12: 691 | AO12: 0 | AP12: 221 | AQ12: 2750 | AR12: 733 | AS12: 85 | AT12: -3 | AU12: 45 | AV12: 0.12987 | AW12: 1 | AX12: 3.33766 | AY12: BORALDES | AZ12: BORALDE_CENTRE | BA12: 60.173069
A13: F12 | B13: 46121 | C13: Gabin Laville | D13: 697665.69 | E13: 6388912.3 | F13: 2 | G13: 316.50745 | H13: 1096 | I13: 5 | K13: FI | L13: 5 | M13: 4 | N13: 2 | O13: 0 | P13: 0 | Q13: 0 | R13: 0 | S13: 0 | T13: 0 | U13: Nord | V13: Sud | W13: Est | X13: FEU | Y13: FEU | Z13: =IF(ISNUMBER(MATCH(A13, TABLEAU_Floristique!B$1:DC$1, 0)), "OUI","NON") -> OUI | AB13: 0.82532 | AC13: 0.65262 | AD13: 0.33975266 | AE13: 0.40900348 | AF13: 574.98355 | AG13: 229.04145 | AH13: 1294.0558 | AI13: 452.08804 | AJ13: 0.48325 | AK13: 311.33499 | AM13: 2380.0143 | AN13: 719 | AO13: 0 | AP13: 164 | AQ13: 2647 | AR13: 483 | AS13: 73 | AT13: -6 | AU13: 33 | AV13: 0.12987 | AW13: 1 | AX13: 3.33766 | AY13: BORALDES | AZ13: PLATEAU | BA13: 56.427462
A14: F13 | B14: 46121 | C14: Gabin Laville | D14: 697953.27 | E14: 6389086 | F14: 4 | G14: 277.59467 | H14: 1159 | I14: 5 | K14: MTF | L14: 5 | M14: 4 | N14: 2 | O14: 4 | P14: 0 | Q14: 0 | R14: 4 | S14: 0 | T14: 0 | U14: Nord | V14: Sud | W14: Est | X14: FEU | Y14: FEU | Z14: =IF(ISNUMBER(MATCH(A14, TABLEAU_Floristique!B$1:DC$1, 0)), "OUI","NON") -> OUI | AB14: 0.662 | AC14: 0.74396 | AD14: 0.43517249 | AE14: 0.39147378 | AF14: 781.53942 | AG14: 365.97052 | AH14: 1323.8373 | AI14: 641.03187 | AJ14: 0.43566 | AK14: 190.95078 | AL14: 81.13927 | AM14: 1711.0642 | AN14: 719 | AO14: 0 | AP14: 164 | AQ14: 2642 | AR14: 483 | AS14: 73 | AT14: -6 | AU14: 33 | AV14: 0.12987 | AW14: 1 | AX14: 3.33766 | AY14: BORALDES | AZ14: PLATEAU | BA14: 73.976918
A15: F14 | B15: 46121 | C15: Gabin Laville | D15: 696517.51 | E15: 6388397.3 | F15: 2 | G15: 326.30994 | H15: 1028 | I15: 5 | K15: FI | L15: 5 | M15: 4 | N15: 1 | O15: 0 | P15: 0 | Q15: 0 | R15: 0 | S15: 0 | T15: 0 | U15: Nord | V15: Sud | W15: Est | X15: HET | Y15: HET | Z15: =IF(ISNUMBER(MATCH(A15, TABLEAU_Floristique!B$1:DC$1, 0)), "OUI","NON") -> OUI | AB15: 0.84324 | AC15: 0.75453 | AD15: 0.161258 | AE15: 0.22619459 | AF15: 329.04605 | AG15: 67.25002 | AH15: 779.52854 | AI15: 241.7333 | AJ15: 0.01053 | AK15: 481.89631 | AM15: 296.32047 | AN15: 730 | AO15: 0 | AP15: 162 | AQ15: 2688 | AR15: 510 | AS15: 72 | AT15: 0 | AU15: 32 | AV15: 0.12987 | AW15: 1 | AX15: 3.33766 | AY15: BORALDES | AZ15: BORALDE_CENTRE | BA15: 53.360723
A16: F15 | B16: 46211 | C16: Gabin Laville | D16: 691955.13 | E16: 6382589.7 | F16: 4 | G16: 299.57782 | H16: 625 | I16: 5 | J16: 21 | K16: MTF | L16: 5 | M16: 3 | N16: + | O16: 0 | P16: 0 | Q16: 0 | R16: 0 | S16: 0 | T16: 0 | U16: Nord | V16: Sud | W16: Est | X16: FEU | Y16: FEU | Z16: =IF(ISNUMBER(MATCH(A16, TABLEAU_Floristique!B$1:DC$1, 0)), "OUI","NON") -> OUI | AB16: 0.915 | AC16: 0.75437 | AD16: 0.23093616 | AE16: 0.31002339 | AF16: 676.62211 | AG16: 162.46514 | AH16: 2167.0895 | AI16: 110.27934 | AJ16: 0.26911 | AK16: 235.94452 | AL16: 122.36872 | AM16: 3474.4339 | AN16: 669 | AO16: 0 | AP16: 254 | AQ16: 2762 | AR16: 507 | AS16: 97 | AT16: 6 | AU16: 54 | AV16: 0.52851 | AW16: 1.44645 | AX16: 4.97914 | AY16: BORALDES | AZ16: BORALDE_CENTRE | BA16: 118.71742
A17: F16 | B17: 46211 | C17: Gabin Laville | D17: 692082.49 | E17: 6383426.6 | F17: 5 | G17: 305.53766 | H17: 720 | I17: 5 | J17: 24 | K17: T | L17: 5 | M17: 4 | N17: + | O17: 0 | P17: 0 | Q17: 0 | R17: 0 | S17: 0 | T17: 0 | U17: Nord | V17: Sud | W17: Est | X17: HET | Y17: HET | Z17: =IF(ISNUMBER(MATCH(A17, TABLEAU_Floristique!B$1:DC$1, 0)), "OUI","NON") -> OUI | AB17: 0.47828 | AC17: 0.53746 | AD17: 0.54507691 | AE17: 0.4721284 | AF17: 1326.3099 | AG17: 381.07322 | AH17: 1576.4442 | AI17: 257.54536 | AJ17: 0.13678 | AK17: 382.85651 | AM17: 987.48594 | AN17: 669 | AO17: 0 | AP17: 254 | AQ17: 2763 | AR17: 507 | AS17: 97 | AT17: 6 | AU17: 54 | AV17: 0.52851 | AW17: 1.44645 | AX17: 4.97914 | AY17: BORALDES | AZ17: BORALDE_CENTRE | BA17: 17.515416
A18: F17 | B18: 46121 | C18: Gabin Laville | D18: 698385.64 | E18: 6385922 | F18: 2 | G18: 199.79887 | H18: 1024 | I18: 7 | K18: FR | L18: 4 | M18: 3 | N18: 5 | O18: 0 | P18: 0 | Q18: 0 | R18: 0 | S18: 0 | T18: 0 | U18: Nord | V18: Sud | W18: Est | X18: CHE | Y18: FEU | Z18: =IF(ISNUMBER(MATCH(A18, TABLEAU_Floristique!B$1:DC$1, 0)), "OUI","NON") -> OUI | AB18: 0.81538 | AC18: 0.89144 | AD18: 0.19231889 | AE18: 0.13211385 | AF18: 179.81778 | AG18: 200.49861 | AH18: 3878.8578 | AI18: 205.94532 | AJ18: 0.36581 | AK18: 208.57514 | AL18: 206.50211 | AM18: 2045.9897 | AN18: 693 | AO18: 0 | AP18: 187 | AQ18: 2654 | AR18: 609 | AS18: 77 | AT18: -8 | AU18: 36 | AV18: 0.12987 | AW18: 1 | AX18: 3.33766 | AY18: BORALDES | AZ18: BORALDE_CENTRE | BA18: 27.907793
A19: F18 | B19: 46114 | C19: Gabin Laville | D19: 690442.29 | E19: 6412993.2 | F19: 1 | G19: 147.09476 | H19: 1041 | I19: 8 | K19: MTF | L19: 5 | M19: 2 | N19: + | O19: 0 | P19: 0 | Q19: 0 | R19: 0 | S19: 0 | T19: 0 | U19: Nord | V19: Sud | W19: Est | X19: HET | Y19: HET | Z19: =IF(ISNUMBER(MATCH(A19, TABLEAU_Floristique!B$1:DC$1, 0)), "OUI","NON") -> OUI | AB19: 1 | AC19: 0.96871 | AE19: 0.06612161 | AF19: 475.94067 | AG19: 740.9671 | AH19: 20663.333 | AI19: 703.20028 | AJ19: 0.48521 | AK19: 703.3663 | AN19: 763 | AO19: 0 | AP19: 178 | AQ19: 2846 | AR19: 764 | AS19: 71 | AT19: 5 | AU19: 36 | AY19: AUTRE | AZ19: PLATEAU_FERME_NORD | BA19: 300.04237
A20: F19 | B20: 46121 | C20: Gabin Laville | D20: 696277.21 | E20: 6384989.9 | F20: 5 | G20: 231.34019 | H20: 909 | I20: 5 | K20: FI | L20: 4 | M20: 5 | N20: 2 | O20: 0 | P20: 0 | Q20: 0 | R20: 0 | S20: 0 | T20: 0 | U20: Nord | V20: Sud | W20: Est | X20: HET | Y20: HET | Z20: =IF(ISNUMBER(MATCH(A20, TABLEAU_Floristique!B$1:DC$1, 0)), "OUI","NON") -> OUI | AB20: 0.93752 | AC20: 0.64301 | AD20: 0.062849212 | AE20: 0.39324667 | AF20: 736.86607 | AG20: 63.598943 | AH20: 3150.5366 | AI20: 69.010947 | AJ20: 0.40645 | AK20: 817.53625 | AN20: 693 | AO20: 0 | AP20: 200 | AQ20: 2690 | AR20: 619 | AS20: 79 | AT20: -2 | AU20: 39 | AV20: 0.12987 | AW20: 1 | AX20: 3.33766 | AY20: BORALDES | AZ20: BORALDE_CENTRE | BA20: 183.0727
A21: F2 | B21: 46122 | C21: Gabin Laville | D21: 686312.04 | E21: 6408820.9 | F21: 4 | G21: 41.633541 | H21: 929 | I21: 5 | K21: MTF | L21: 5 | M21: 4 | N21: + | O21: 0 | P21: 0 | Q21: 0 | R21: 0 | S21: 0 | T21: 0 | U21: Nord | V21: Sud | W21: Est | X21: MIX | Y21: HET | Z21: =IF(ISNUMBER(MATCH(A21, TABLEAU_Floristique!B$1:DC$1, 0)), "OUI","NON") -> OUI | AB21: 0.66293 | AC21: 0.4833 | AD21: 0.40048733 | AE21: 0.61753703 | AF21: 1135.5063 | AG21: 90.312428 | AH21: 19470.488 | AI21: 65.484296 | AJ21: 0.33492 | AK21: 428.64785 | AM21: 1798.6729 | AN21: 794 | AO21: 0 | AP21: 185 | AQ21: 2958 | AR21: 561 | AS21: 77 | AT21: -1 | AU21: 38 | AV21: 0.72789 | AW21: 0.0065 | AX21: 0.05199 | AY21: AUTRE | AZ21: VIADENE | BA21: 74.559726
A22: F20 | B22: 46126 | C22: Gabin Laville | D22: 696063.93 | E22: 6383747.2 | F22: 5 | G22: 239.62088 | H22: 940 | I22: 6 | K22: FR | L22: 5 | M22: 3 | N22: 2 | O22: 1 | P22: 0 | Q22: 0 | R22: 0 | S22: 0 | T22: 0 | U22: Nord | V22: Sud | W22: Est | X22: PIN | Y22: CON | Z22: =IF(ISNUMBER(MATCH(A22, TABLEAU_Floristique!B$1:DC$1, 0)), "OUI","NON") -> OUI | AB22: 0.76041 | AC22: 0.63819 | AD22: 0.24769487 | AE22: 0.35895468 | AF22: 796.0994 | AG22: 608.23374 | AH22: 3780.0646 | AI22: 410.92874 | AJ22: 0.36969 | AK22: 603.42376 | AN22: 685 | AO22: 0 | AP22: 213 | AQ22: 2692 | AR22: 730 | AS22: 85 | AT22: 0 | AU22: 44 | AV22: 0.64295 | AW22: 0.8144 | AX22: 2.20746 | AY22: BORALDES | AZ22: BORALDE_CENTRE | BA22: 70.724166
A23: F21 | B23: 46126 | C23: Gabin Laville | D23: 695072.18 | E23: 6383579.2 | F23: 4 | G23: 158.35556 | H23: 865 | I23: 5 | K23: FI | L23: 5 | M23: 5 | N23: 3 | O23: 0 | P23: 0 | Q23: 0 | R23: 0 | S23: 0 | T23: 0 | U23: Nord | V23: Sud | W23: Est | X23: FEU | Y23: FEU | Z23: =IF(ISNUMBER(MATCH(A23, TABLEAU_Floristique!B$1:DC$1, 0)), "OUI","NON") -> OUI | AB23: 0.99713 | AC23: 0.78999 | AD23: 0.0059579469 | AE23: 0.21459697 | AF23: 1461.9578 | AG23: 159.21278 | AH23: 3357.0873 | AI23: 348.97949 | AJ23: 0.64796 | AK23: 1035.648 | AN23: 695 | AO23: 0 | AP23: 209 | AQ23: 2710 | AR23: 701 | AS23: 77 | AT23: 9 | AU23: 41 | AV23: 0.12987 | AW23: 1 | AX23: 3.33766 | AY23: BORALDES | AZ23: BORALDE_CENTRE | BA23: 235.60135
A24: F22 | B24: 46122 | C24: Gabin Laville | D24: 694134.89 | E24: 6384287.1 | F24: 5 | G24: 170.53769 | H24: 860 | I24: 5 | K24: MTF | L24: 5 | M24: 3 | N24: 5 | O24: 1 | P24: 0 | Q24: 0 | R24: 2 | S24: 0 | T24: 0 | U24: Sud | V24: Est | W24: Nord | X24: CHE | Y24: FEU | Z24: =IF(ISNUMBER(MATCH(A24, TABLEAU_Floristique!B$1:DC$1, 0)), "OUI","NON") -> OUI | AB24: 0.67453 | AC24: 0.50398 | AD24: 0.28469833 | AE24: 0.4432923 | AF24: 1547.7171 | AG24: 418.59396 | AH24: 2338.6955 | AI24: 105.10399 | AJ24: 0.24552 | AK24: 623.73618 | AN24: 695 | AO24: 0 | AP24: 209 | AQ24: 2726 | AR24: 701 | AS24: 77 | AT24: 9 | AU24: 41 | AV24: 0.12987 | AW24: 1 | AX24: 3.33766 | AY24: BORALDES | AZ24: BORALDE_CENTRE | BA24: 21.381848
A25: F22bis | B25: 46171 | C25: Simon Chollet, Gabin Laville | D25: 694384.77 | E25: 6384563.7 | F25: 3 | G25: 113.87528 | H25: 915 | I25: 7 | K25: FI | L25: 5 | M25: 1 | N25: 4 | O25: 1 | P25: 0 | Q25: 0 | R25: 0 | S25: 0 | T25: 0 | U25: Nord | V25: Sud | W25: Est | X25: CHE | Y25: FEU | Z25: =IF(ISNUMBER(MATCH(A25, TABLEAU_Floristique!B$1:DC$1, 0)), "OUI","NON") -> OUI | AB25: 0.53783 | AC25: 0.43842 | AD25: 0.48811238 | AE25: 0.56978386 | AF25: 1201.483 | AG25: 333.73802 | AH25: 2174.621 | AI25: 101.27106 | AJ25: 0.13962 | AK25: 299.60644 | AM25: 1629.9331 | AN25: 702 | AO25: 0 | AP25: 202 | AQ25: 2726 | AR25: 661 | AS25: 74 | AT25: 9 | AU25: 39 | AV25: 0.12987 | AW25: 1 | AX25: 3.33766 | AY25: BORALDES | AZ25: BORALDE_CENTRE | BA25: 32.666807
A26: F23 | B26: 46121 | C26: Gabin Laville | D26: 698629.26 | E26: 6386288.9 | F26: 3 | G26: 212.98853 | H26: 1078 | I26: 5 | K26: FI | L26: 5 | M26: 4 | N26: 1 | O26: 0 | P26: 0 | Q26: 0 | R26: 0 | S26: 0 | T26: 0 | U26: Nord | V26: Sud | W26: Est | X26: HET | Y26: HET | Z26: =IF(ISNUMBER(MATCH(A26, TABLEAU_Floristique!B$1:DC$1, 0)), "OUI","NON") -> OUI | AB26: 0.97288 | AC26: 0.97882 | AE26: 0.018469515 | AF26: 78.886875 | AG26: 120.43085 | AH26: 3749.0617 | AI26: 274.64292 | AJ26: 0.86696 | AK26: 405.53325 | AM26: 452.76611 | AN26: 693 | AO26: 0 | AP26: 187 | AQ26: 2632 | AR26: 609 | AS26: 77 | AT26: -8 | AU26: 36 | AV26: 0.12987 | AW26: 1 | AX26: 3.33766 | AY26: BORALDES | AZ26: BORALDE_CENTRE | BA26: 334.27411
A27: F24 | B27: 46122 | C27: Gabin Laville | D27: 693580.63 | E27: 6383564.5 | F27: 4 | G27: 90 | H27: 840 | I27: 6 | K27: FI | L27: 5 | M27: 3 | N27: 1 | O27: 0 | P27: 0 | Q27: 0 | R27: 0 | S27: 0 | T27: 0 | U27: Nord | V27: Sud | W27: Est | X27: HET | Y27: HET | Z27: =IF(ISNUMBER(MATCH(A27, TABLEAU_Floristique!B$1:DC$1, 0)), "OUI","NON") -> OUI | AB27: 0.6873 | AC27: 0.58681 | AD27: 0.29367332 | AE27: 0.38121118 | AF27: 2391.426 | AG27: 86.665693 | AH27: 2466.9993 | AI27: 177.96151 | AJ27: 0.26826 | AK27: 156.30404 | AL27: 1693.0285 | AM27: 4357.1823 | AN27: 693 | AO27: 0 | AP27: 216 | AQ27: 2745 | AR27: 591 | AS27: 79 | AT27: 8 | AU27: 43 | AV27: 0.12987 | AW27: 1 | AX27: 3.33766 | AY27: BORALDES | AZ27: BORALDE_CENTRE | BA27: 76.442966
A28: F25 | B28: 46126 | C28: Gabin Laville | D28: 694087.02 | E28: 6383451.1 | F28: 4 | G28: 230.90614 | H28: 858 | I28: 5 | K28: MTF | L28: 5 | M28: 3 | N28: 2 | O28: 1 | P28: 0 | Q28: 0 | R28: 0 | S28: 0 | T28: 0 | U28: Nord | V28: Sud | W28: Est | X28: FEU | Y28: FEU | Z28: =IF(ISNUMBER(MATCH(A28, TABLEAU_Floristique!B$1:DC$1, 0)), "OUI","NON") -> OUI | AB28: 0.87872 | AC28: 0.7772 | AD28: 0.12231398 | AE28: 0.2266271 | AF28: 1973.7588 | AG28: 401.39036 | AH28: 2880.4518 | AI28: 270.40889 | AJ28: 0.35788 | AK28: 607.94931 | AN28: 681 | AO28: 0 | AP28: 230 | AQ28: 2727 | AR28: 576 | AS28: 87 | AT28: 5 | AU28: 47 | AV28: 0.12987 | AW28: 1 | AX28: 3.33766 | AY28: BORALDES | AZ28: BORALDE_CENTRE | BA28: 103.80451
A29: F26 | B29: 46127 | C29: Gabin Laville | D29: 691063.04 | E29: 6383527.9 | F29: 4 | G29: 156.47679 | H29: 767 | I29: 6 | K29: FR | L29: 5 | M29: 2 | N29: 4 | O29: 1 | P29: 0 | Q29: 0 | R29: 2 | S29: 0 | T29: 0 | U29: Sud | V29: Nord | W29: Est | X29: CHE | Y29: FEU | Z29: =IF(ISNUMBER(MATCH(A29, TABLEAU_Floristique!B$1:DC$1, 0)), "OUI","NON") -> NON | AB29: 0.50007 | AC29: 0.44654 | AD29: 0.4885585 | AE29: 0.51684936 | AF29: 1205.2424 | AG29: 152.86615 | AH29: 977.83232 | AI29: 524.80161 | AJ29: 0.1122 | AK29: 359.93503 | AM29: 5745.02 | AN29: 681 | AO29: 0 | AP29: 248 | AQ29: 2789 | AR29: 483 | AS29: 87 | AT29: 12 | AU29: 50 | AV29: 0.52851 | AW29: 1.44645 | AX29: 4.97914 | AY29: BORALDES | AZ29: BORALDE_CENTRE | BA29: 51.928003
A30: F26bis | B30: 46171 | C30: Simon Chollet, Gabin Laville | D30: 690378.48 | E30: 6382869.1 | F30: 3 | G30: 96.499344 | H30: 727 | I30: 5 | J30: 24 | K30: MTF | L30: 5 | M30: 3 | N30: 1 | O30: 0 | P30: 1 | Q30: 0 | R30: 0 | S30: 0 | T30: 0 | U30: Nord | V30: Sud | W30: Est | X30: CHA | Y30: FEU | Z30: =IF(ISNUMBER(MATCH(A30, TABLEAU_Floristique!B$1:DC$1, 0)), "OUI","NON") -> OUI | AB30: 0.27341 | AC30: 0.28873 | AD30: 0.71803504 | AE30: 0.68988627 | AF30: 877.58465 | AG30: 13.666543 | AH30: 1330.0158 | AI30: 488.90681 | AJ30: 0.18777 | AK30: 325.84384 | AM30: 3212.8109 | AN30: 681 | AO30: 0 | AP30: 248 | AQ30: 2800 | AR30: 483 | AS30: 87 | AT30: 12 | AU30: 50 | AV30: 0.52851 | AW30: 1.44645 | AX30: 4.97914 | AY30: BORALDES | AZ30: BORALDE_CENTRE | BA30: 17.165527
A31: F27 | B31: 46127 | C31: Gabin Laville | D31: 689631.79 | E31: 6384628.1 | F31: 5 | G31: 331.63879 | H31: 776 | I31: 6 | K31: FI | L31: 5 | M31: 4 | N31: 2 | O31: 1 | P31: 0 | Q31: 0 | R31: 0 | S31: 0 | T31: 0 | U31: Nord | V31: Est | W31: Sud | X31: HET | Y31: HET | Z31: =IF(ISNUMBER(MATCH(A31, TABLEAU_Floristique!B$1:DC$1, 0)), "OUI","NON") -> OUI | AB31: 0.69627 | AC31: 0.56519 | AD31: 0.30664048 | AE31: 0.41111869 | AF31: 1249.0105 | AG31: 311.38141 | AH31: 312.18505 | AI31: 280.26234 | AJ31: 0.50963 | AK31: 277.7155 | AM31: 6211.4091 | AN31: 709 | AO31: 0 | AP31: 229 | AQ31: 2809 | AR31: 475 | AS31: 92 | AT31: 7 | AU31: 50 | AV31: 0.52851 | AW31: 1.44645 | AX31: 4.97914 | AY31: BORALDES | AZ31: BORALDE_CENTRE | BA31: 72.414664
A32: F28 | B32: 46128 | C32: Gabin Laville | D32: 688134.34 | E32: 6383045.3 | F32: 2 | G32: 259.50854 | H32: 583 | I32: 5 | K32: FI | L32: 5 | M32: 4 | N32: 1 | O32: 0 | P32: 0 | Q32: 0 | R32: 0 | S32: 0 | T32: 0 | U32: Nord | V32: Sud | W32: Est | X32: FEU | Y32: FEU | Z32: =IF(ISNUMBER(MATCH(A32, TABLEAU_Floristique!B$1:DC$1, 0)), "OUI","NON") -> OUI | AB32: 0.98232 | AC32: 0.8618 | AD32: 0.018715095 | AE32: 0.13492258 | AF32: 758.20031 | AG32: 118.20155 | AH32: 632.81601 | AI32: 234.58495 | AJ32: 0.52247 | AK32: 258.8068 | AM32: 113.24753 | AN32: 694 | AO32: 0 | AP32: 248 | AQ32: 2841 | AR32: 463 | AS32: 96 | AT32: 12 | AU32: 54 | AV32: 0.52851 | AW32: 1.44645 | AX32: 4.97914 | AY32: BORALDES | AZ32: BORALDE_CENTRE | BA32: 196.42534
A33: F29 | B33: 46128 | C33: Gabin Laville | D33: 690019.73 | E33: 6381273.1 | F33: 3 | G33: 26.916553 | H33: 512 | I33: 6 | K33: FI | L33: 5 | M33: 5 | N33: 1 | O33: 0 | P33: 0 | Q33: 0 | R33: 0 | S33: 0 | T33: 0 | U33: Nord | V33: Sud | W33: Est | X33: FEU | Y33: FEU | Z33: =IF(ISNUMBER(MATCH(A33, TABLEAU_Floristique!B$1:DC$1, 0)), "OUI","NON") -> OUI | AB33: 0.46446 | AC33: 0.35308 | AD33: 0.50091821 | AE33: 0.60942908 | AF33: 286.90187 | AG33: 263.16908 | AH33: 1904.7 | AI33: 75.160603 | AJ33: 0.23153 | AK33: 211.59887 | AL33: 698.14682 | AM33: 3783.0855 | AN33: 667 | AO33: 0 | AP33: 267 | AQ33: 2799 | AR33: 517 | AS33: 100 | AT33: 15 | AU33: 58 | AV33: 0.52851 | AW33: 1.44645 | AX33: 4.97914 | AY33: BORALDES | AZ33: BORALDE_CENTRE | BA33: 53.777444
A34: F3 | B34: 46122 | C34: Gabin Laville | D34: 686331.47 | E34: 6408208.6 | F34: 2 | G34: 322.125 | H34: 984 | I34: 5 | K34: FR | L34: 5 | M34: 2 | N34: 5 | O34: 0 | P34: 0 | Q34: 0 | R34: 0 | S34: 0 | T34: 0 | U34: Nord | V34: Sud | W34: Est | X34: HET | Y34: HET | Z34: =IF(ISNUMBER(MATCH(A34, TABLEAU_Floristique!B$1:DC$1, 0)), "OUI","NON") -> OUI | AB34: 0.86361 | AC34: 0.4937 | AD34: 0.1707054 | AE34: 0.56712822 | AF34: 1253.3565 | AG34: 332.26159 | AH34: 19004.302 | AI34: 590.58128 | AJ34: 0.34542 | AK34: 849.44391 | AN34: 800 | AO34: 0 | AP34: 178 | AQ34: 2958 | AR34: 494 | AS34: 73 | AT34: 3 | AU34: 36 | AV34: 0.72789 | AW34: 0.0065 | AX34: 0.05199 | AY34: AUTRE | AZ34: VIADENE | BA34: 136.88495
A35: F30 | B35: 46141 | C35: Gabin Laville | D35: 689779.92 | E35: 6380027.6 | F35: 4 | G35: 88.264297 | H35: 493 | I35: 5 | J35: 19 | K35: T | L35: 5 | M35: 5 | N35: 2 | O35: 0 | P35: 0 | Q35: 0 | R35: 0 | S35: 0 | T35: 0 | U35: Nord | V35: Sud | W35: Est | X35: FEU | Y35: FEU | Z35: =IF(ISNUMBER(MATCH(A35, TABLEAU_Floristique!B$1:DC$1, 0)), "OUI","NON") -> OUI | AB35: 0.54161 | AC35: 0.44297 | AD35: 0.45721892 | AE35: 0.51669898 | AF35: 493.07734 | AG35: 224.4438 | AH35: 2225.7848 | AI35: 427.52402 | AJ35: 0.19939 | AK35: 208.51504 | AL35: 726.66016 | AM35: 2793.7336 | AN35: 664 | AO35: 0 | AP35: 269 | AQ35: 2794 | AR35: 549 | AS35: 101 | AT35: 16 | AU35: 59 | AV35: 0.52851 | AW35: 1.44645 | AX35: 4.97914 | AY35: BORALDES | AZ35: BORALDE_CENTRE | BA35: 73.84068
A36: F31 | B36: 46141 | C36: Gabin Laville | D36: 689372.79 | E36: 6379576.9 | F36: 3 | G36: 255.96376 | H36: 484 | I36: 3 | J36: 19 | K36: FI | L36: 5 | M36: 4 | N36: 5 | O36: 0 | P36: 0 | Q36: 0 | R36: 0 | S36: 0 | T36: 0 | U36: Nord | V36: Sud | W36: Est | X36: FEU | Y36: FEU | Z36: =IF(ISNUMBER(MATCH(A36, TABLEAU_Floristique!B$1:DC$1, 0)), "OUI","NON") -> OUI | AB36: 0.4636 | AC36: 0.45223 | AD36: 0.50450854 | AE36: 0.49000421 | AF36: 264.84236 | AG36: 201.88565 | AH36: 2148.3613 | AI36: 313.3658 | AJ36: 0.09657 | AK36: 248.06784 | AL36: 0.83957 | AM36: 5583.5848 | AN36: 664 | AO36: 0 | AP36: 269 | AQ36: 2815 | AR36: 549 | AS36: 101 | AT36: 16 | AU36: 59 | AV36: 0.52851 | AW36: 1.44645 | AX36: 4.97914 | AY36: BORALDES | AZ36: BORALDE_CENTRE | BA36: 53.186124
A37: F32 | B37: 46141 | C37: Gabin Laville | D37: 691265.26 | E37: 6381583.1 | F37: 4 | G37: 315 | H37: 531 | I37: 5 | J37: 26 | K37: T | L37: 5 | M37: 4 | N37: 2 | O37: 0 | P37: 0 | Q37: 0 | R37: 0 | S37: 0 | T37: 0 | U37: Nord | V37: Sud | W37: Est | X37: CHA | Y37: FEU | Z37: =IF(ISNUMBER(MATCH(A37, TABLEAU_Floristique!B$1:DC$1, 0)), "OUI","NON") -> OUI | AB37: 0.63988 | AC37: 0.58135 | AD37: 0.32199885 | AE37: 0.36864456 | AF37: 30.998249 | AG37: 233.31694 | AH37: 2721.3189 | AI37: 104.50954 | AJ37: 0.20516 | AK37: 130.51981 | AL37: 211.83153 | AM37: 7070.3848 | AN37: 668 | AO37: 0 | AP37: 254 | AQ37: 2779 | AR37: 523 | AS37: 102 | AT37: 9 | AU37: 57 | AV37: 0.52851 | AW37: 1.44645 | AX37: 4.97914 | AY37: BORALDES | AZ37: BORALDE_CENTRE | BA37: 73.414703
A38: F33 | B38: 46128 | C38: Gabin Laville | D38: 693165.86 | E38: 6382070 | F38: 5 | G38: 90.498215 | H38: 635 | I38: 4 | K38: FR | L38: 5 | M38: 2 | N38: 2 | O38: 1 | P38: 0 | Q38: 0 | R38: 1 | S38: 0 | T38: 0 | U38: Nord | V38: Sud | W38: Est | X38: PIN | Y38: CON | Z38: =IF(ISNUMBER(MATCH(A38, TABLEAU_Floristique!B$1:DC$1, 0)), "OUI","NON") -> OUI | AB38: 0.96381 | AC38: 0.75998 | AD38: 0.055644607 | AE38: 0.21949678 | AF38: 1142.8735 | AG38: 48.595754 | AH38: 3303.0684 | AI38: 58.632842 | AJ38: 0.21304 | AK38: 166.46122 | AL38: 597.45662 | AM38: 996.94207 | AN38: 674 | AO38: 0 | AP38: 237 | AQ38: 2745 | AR38: 565 | AS38: 95 | AT38: 6 | AU38: 51 | AV38: 0.52851 | AW38: 1.44645 | AX38: 4.97914 | AY38: BORALDES | AZ38: BORALDE_CENTRE | BA38: 152.85758
A39: F34 | B39: 46128 | C39: Gabin Laville | D39: 689040.94 | E39: 6380515 | F39: 2 | G39: 14.743561 | H39: 519 | I39: 7 | K39: FI | L39: 5 | M39: 3 | N39: 3 | O39: 0 | P39: 0 | Q39: 0 | R39: 1 | S39: 0 | T39: 0 | U39: Nord | V39: Sud | W39: Est | X39: CHE | Y39: FEU | Z39: =IF(ISNUMBER(MATCH(A39, TABLEAU_Floristique!B$1:DC$1, 0)), "OUI","NON") -> OUI | AB39: 0.22137 | AC39: 0.12799 | AD39: 0.73962321 | AE39: 0.80732224 | AF39: 217.89541 | AG39: 255.41425 | AH39: 1349.9273 | AI39: 391.0558 | AK39: 291.55151 | AM39: 6405.5041 | AN39: 666 | AO39: 0 | AP39: 274 | AQ39: 2817 | AR39: 534 | AS39: 102 | AT39: 17 | AU39: 61 | AV39: 0.52851 | AW39: 1.44645 | AX39: 4.97914 | AY39: BORALDES | AZ39: BORALDE_CENTRE | BA39: 40.217016
A40: F35 | B40: 46127 | C40: Gabin Laville | D40: 690821.8 | E40: 6382835 | F40: 4 | G40: 256.07904 | H40: 660 | I40: 6 | K40: MTF | L40: 5 | M40: 4 | N40: 2 | O40: 0 | P40: 0 | Q40: 0 | R40: 0 | S40: 0 | T40: 0 | U40: Nord | V40: Sud | W40: Est | X40: CHA | Y40: FEU | Z40: =IF(ISNUMBER(MATCH(A40, TABLEAU_Floristique!B$1:DC$1, 0)), "OUI","NON") -> OUI | AB40: 0.53283 | AC40: 0.44457 | AD40: 0.43945427 | AE40: 0.53167402 | AF40: 681.42296 | AG40: 80.718784 | AH40: 1663.9151 | AI40: 236.09024 | AJ40: 0.26407 | AK40: 75.132217 | AL40: 79.7231 | AM40: 3304.921 | AN40: 681 | AO40: 0 | AP40: 248 | AQ40: 2782 | AR40: 483 | AS40: 87 | AT40: 12 | AU40: 50 | AV40: 0.52851 | AW40: 1.44645 | AX40: 4.97914 | AY40: BORALDES | AZ40: BORALDE_CENTRE | BA40: 31.520165
A41: F36 | B41: 46195 | C41: Gabin Laville | D41: 696986.64 | E41: 6389527.6 | F41: 2 | G41: 142.90717 | H41: 1119 | I41: 2 | J41: 16 | K41: FI | L41: 5 | M41: 2 | N41: 3 | O41: 0 | P41: 0 | Q41: 0 | R41: 1 | S41: 0 | T41: 0 | U41: Nord | V41: Sud | W41: Est | X41: HET | Y41: HET | Z41: =IF(ISNUMBER(MATCH(A41, TABLEAU_Floristique!B$1:DC$1, 0)), "OUI","NON") -> OUI | AA41: chaos rocheu peu dense, biche observée à une dizaine de mètres au sud de la placette | AB41: 0.71329 | AC41: 0.40275 | AD41: 0.36659644 | AE41: 0.60298029 | AF41: 274.96627 | AG41: 156.17597 | AH41: 424.94166 | AI41: 392.16722 | AK41: 229.38135 | AL41: 177.51503 | AM41: 189.60602 | AN41: 700 | AO41: 0 | AP41: 191 | AQ41: 2663 | AR41: 437 | AS41: 77 | AT41: -9 | AU41: 37 | AV41: 0.12987 | AW41: 1 | AX41: 3.33766 | AY41: BORALDES | AZ41: PLATEAU | BA41: 117.47976
A42: F36bis | B42: 46195 | C42: Gabin Laville | D42: 697069.69 | E42: 6389495.7 | F42: 2 | G42: 135 | H42: 1098 | I42: 5 | J42: 9 | K42: T | L42: 2 | M42: 5 | N42: 3 | O42: 0 | P42: 0 | Q42: 0 | R42: 0 | S42: 0 | T42: 0 | U42: Nord | V42: Sud | W42: Est | X42: FEU | Y42: FEU | Z42: =IF(ISNUMBER(MATCH(A42, TABLEAU_Floristique!B$1:DC$1, 0)), "OUI","NON") -> OUI | AB42: 0.7625 | AC42: 0.41099 | AD42: 0.33085088 | AE42: 0.59307573 | AF42: 191.66554 | AG42: 111.24458 | AH42: 506.25097 | AI42: 309.14282 | AK42: 280.687 | AM42: 1681.545 | AN42: 700 | AO42: 0 | AP42: 191 | AQ42: 2663 | AR42: 437 | AS42: 77 | AT42: -9 | AU42: 37 | AV42: 0.12987 | AW42: 1 | AX42: 3.33766 | AY42: BORALDES | AZ42: PLATEAU | BA42: 45.941144
A43: F37 | B43: 46141 | C43: Gabin Laville | D43: 690717.21 | E43: 6379931.5 | F43: 3 | G43: 274.76364 | H43: 541 | I43: 5 | J43: 21 | K43: T | L43: 5 | M43: 4 | N43: 3 | O43: 0 | P43: 0 | Q43: 0 | R43: 0 | S43: 0 | T43: 0 | U43: Nord | V43: Sud | W43: Est | X43: CHA | Y43: FEU | Z43: =IF(ISNUMBER(MATCH(A43, TABLEAU_Floristique!B$1:DC$1, 0)), "OUI","NON") -> OUI | AB43: 0.72248 | AC43: 0.67286 | AD43: 0.26593871 | AE43: 0.32825636 | AF43: 546.68254 | AG43: 33.700721 | AH43: 3097.3025 | AI43: 417.87268 | AJ43: 0.14402 | AK43: 256.47552 | AM43: 2778.9718 | AN43: 674 | AO43: 0 | AP43: 253 | AQ43: 2774 | AR43: 460 | AS43: 100 | AT43: 15 | AU43: 57 | AV43: 0.52851 | AW43: 1.44645 | AX43: 4.97914 | AY43: BORALDES | AZ43: BORALDE_CENTRE | BA43: 45.933303
A44: F38 | B44: 46139 | C44: Gabin Laville | D44: 687488.97 | E44: 6384209.3 | F44: 1 | G44: 206.56505 | H44: 783 | I44: 1 | J44: 25 | K44: FI | L44: 5 | M44: 4 | N44: 1 | O44: 0 | P44: 0 | Q44: 0 | R44: 0 | S44: 0 | T44: 0 | U44: Nord | V44: Sud | W44: Est | X44: FEU | Y44: FEU | Z44: =IF(ISNUMBER(MATCH(A44, TABLEAU_Floristique!B$1:DC$1, 0)), "OUI","NON") -> OUI | AB44: 0.40725 | AC44: 0.18662 | AD44: 0.5834215 | AE44: 0.77374971 | AF44: 359.38427 | AG44: 257.9545 | AH44: 1791.7471 | AI44: 166.08028 | AJ44: 2e-05 | AK44: 235.25514 | AL44: 93.52423 | AM44: 292.70199 | AN44: 707 | AO44: 0 | AP44: 243 | AQ44: 2867 | AR44: 538 | AS44: 88 | AT44: 10 | AU44: 49 | AV44: 1.33023 | AW44: 0.13302 | AX44: 0.69837 | AY44: BORALDES | AZ44: BORALDE_CENTRE | BA44: 76.982872
A45: F39 | B45: 46139 | C45: Gabin Laville | D45: 691788.29 | E45: 6386042.4 | F45: 4 | G45: 249.12099 | H45: 805 | I45: 5 | J45: 23 | K45: FI | L45: 5 | M45: 4 | N45: + | O45: 0 | P45: 0 | Q45: 0 | R45: 0 | S45: 0 | T45: 0 | U45: Nord | V45: Sud | W45: Est | X45: FEU | Y45: FEU | Z45: =IF(ISNUMBER(MATCH(A45, TABLEAU_Floristique!B$1:DC$1, 0)), "OUI","NON") -> OUI | AB45: 0.82132 | AC45: 0.65446 | AD45: 0.18235704 | AE45: 0.32681227 | AF45: 1636.3974 | AG45: 442.93187 | AH45: 498.61312 | AI45: 299.53287 | AJ45: 0.20066 | AK45: 450.87866 | AM45: 429.57479 | AN45: 711 | AO45: 0 | AP45: 214 | AQ45: 2770 | AR45: 508 | AS45: 86 | AT45: 4 | AU45: 45 | AV45: 0.12987 | AW45: 1 | AX45: 3.33766 | AY45: BORALDES | AZ45: BORALDE_CENTRE | BA45: 86.151821
A46: F4 | B46: 46114 | C46: Gabin Laville | D46: 682991.62 | E46: 6410767.4 | F46: 2 | G46: 295.90649 | H46: 858 | I46: 6 | K46: MTF | L46: 4 | M46: 4 | N46: 5 | O46: 0 | P46: 0 | Q46: 0 | R46: 0 | S46: 0 | T46: 0 | U46: Nord | V46: Sud | W46: Est | X46: FEU | Y46: FEU | Z46: =IF(ISNUMBER(MATCH(A46, TABLEAU_Floristique!B$1:DC$1, 0)), "OUI","NON") -> OUI | AB46: 0.6761 | AC46: 0.44603 | AD46: 0.39355766 | AE46: 0.58700809 | AF46: 264.15025 | AG46: 487.67259 | AH46: 23162.498 | AI46: 274.42805 | AJ46: 0.10125 | AK46: 495.82452 | AN46: 821 | AO46: 0 | AP46: 205 | AQ46: 3062 | AR46: 636 | AS46: 86 | AT46: 3 | AU46: 44 | AV46: 0.72789 | AW46: 0.0065 | AX46: 0.05199 | AY46: AUTRE | AZ46: VIADENE | BA46: 96.344979
A47: F40 | B47: 46139 | C47: Gabin Laville | D47: 692956.93 | E47: 6386434.8 | F47: 3 | G47: 318.17981 | H47: 865 | I47: 5 | J47: 34 | K47: FI | L47: 5 | M47: 4 | N47: 3 | O47: 0 | P47: 0 | Q47: 0 | R47: 0 | S47: 0 | T47: 0 | U47: Nord | V47: Sud | W47: Est | X47: FEU | Y47: FEU | Z47: =IF(ISNUMBER(MATCH(A47, TABLEAU_Floristique!B$1:DC$1, 0)), "OUI","NON") -> OUI | AB47: 0.83274 | AC47: 0.62632 | AD47: 0.18045385 | AE47: 0.37230018 | AF47: 685.73649 | AG47: 106.31788 | AH47: 40.930078 | AI47: 316.90536 | AJ47: 0.07637 | AK47: 534.92948 | AN47: 717 | AO47: 0 | AP47: 201 | AQ47: 2750 | AR47: 630 | AS47: 79 | AT47: 8 | AU47: 41 | AV47: 0.12987 | AW47: 1 | AX47: 3.33766 | AY47: BORALDES | AZ47: BORALDE_CENTRE | BA47: 108.8203
A48: F41 | B48: 46140 | C48: Gabin Laville | D48: 713083.85 | E48: 6382920.9 | F48: 1 | G48: 165.25644 | H48: 1290 | I48: 7 | J48: 20 | K48: FR | L48: 5 | M48: 3 | N48: 5 | O48: 1 | P48: 0 | Q48: 0 | R48: 0 | S48: 0 | T48: 0 | U48: Nord | V48: Sud | W48: Est | X48: CON | Y48: CON | Z48: =IF(ISNUMBER(MATCH(A48, TABLEAU_Floristique!B$1:DC$1, 0)), "OUI","NON") -> OUI | AB48: 1 | AC48: 1 | AF48: 1253.8586 | AG48: 135.48057 | AH48: 13547.58 | AI48: 480.35904 | AJ48: 0.2358 | AK48: 807.48835 | AN48: 658 | AO48: 0 | AP48: 156 | AQ48: 2448 | AR48: 405 | AS48: 60 | AT48: -4 | AU48: 27 | AY48: BORALDES | AZ48: PLATEAU_FERME_SUD | BA48: 574.28179
A49: F42 | B49: 46140 | C49: Gabin Laville | D49: 713925.95 | E49: 6379809.7 | F49: 2 | G49: 143.65254 | H49: 1074 | I49: 6 | J49: 27 | K49: FI | L49: 4 | M49: 4 | N49: 2 | O49: 0 | P49: 0 | Q49: 0 | R49: 0 | S49: 0 | T49: 0 | U49: Nord | V49: Sud | W49: Est | X49: MIX | Y49: FEU | Z49: =IF(ISNUMBER(MATCH(A49, TABLEAU_Floristique!B$1:DC$1, 0)), "OUI","NON") -> OUI | AB49: 1 | AC49: 0.94253 | AE49: 0.042119834 | AF49: 535.38219 | AG49: 337.93505 | AH49: 16725.465 | AI49: 415.22575 | AJ49: 0.2121 | AK49: 610.04444 | AN49: 653 | AO49: 0 | AP49: 192 | AQ49: 2544 | AR49: 438 | AS49: 71 | AT49: 3 | AU49: 36 | AY49: BORALDES | AZ49: PLATEAU_FERME_SUD | BA49: 323.51559
A50: F43 | B50: 46140 | C50: Gabin Laville | D50: 711180.23 | E50: 6380834.3 | F50: 2 | G50: 149.62088 | H50: 1170 | I50: 6 | J50: 27 | K50: FR | L50: 5 | M50: 2 | N50: 3 | O50: 0 | P50: 0 | Q50: 0 | R50: 0 | S50: 0 | T50: 0 | U50: Nord | V50: Sud | W50: Est | X50: CON | Y50: CON | Z50: =IF(ISNUMBER(MATCH(A50, TABLEAU_Floristique!B$1:DC$1, 0)), "OUI","NON") -> OUI | AB50: 0.93056 | AC50: 0.92006 | AD50: 0.069826709 | AE50: 0.071606897 | AF50: 320.02971 | AG50: 275.36284 | AH50: 14829.894 | AI50: 490.06694 | AJ50: 0.08737 | AK50: 366.7023 | AM50: 33.5136 | AN50: 669 | AO50: 0 | AP50: 181 | AQ50: 2586 | AR50: 512 | AS50: 73 | AT50: -5 | AU50: 34 | AY50: BORALDES | AZ50: PLATEAU_FERME_SUD | BA50: 177.12827
A51: F44 | B51: 46133 | C51: Gabin Laville | D51: 698815.09 | E51: 6381928.8 | F51: 4 | G51: 341.98022 | H51: 907 | I51: 5 | J51: 16 | K51: FI | L51: 5 | M51: 3 | N51: 1 | O51: 1 | P51: 0 | Q51: 0 | R51: 0 | S51: 0 | T51: 0 | U51: Nord | V51: Sud | W51: Ouest | X51: HET | Y51: HET | Z51: =IF(ISNUMBER(MATCH(A51, TABLEAU_Floristique!B$1:DC$1, 0)), "OUI","NON") -> OUI | AB51: 0.39564 | AC51: 0.30963 | AD51: 0.36141648 | AE51: 0.39945902 | AF51: 85.553009 | AG51: 494.62468 | AH51: 7018.2231 | AI51: 53.252654 | AJ51: 0.06083 | AK51: 405.03161 | AM51: 38.0822 | AN51: 672 | AO51: 0 | AP51: 214 | AQ51: 2656 | AR51: 477 | AS51: 81 | AT51: 0 | AU51: 42 | AV51: 0.64295 | AW51: 0.8144 | AX51: 2.20746 | AY51: BORALDES | AZ51: BORALDES_EST | BA51: 50.070702
A52: F45 | B52: 46133 | C52: Gabin Laville | D52: 698863.55 | E52: 6380713.7 | F52: 4 | G52: 133.49257 | H52: 738 | I52: 5 | J52: 22 | K52: FI | L52: 5 | M52: 4 | N52: 5 | O52: 1 | P52: 0 | Q52: 0 | R52: 0 | S52: 0 | T52: 0 | U52: Nord | V52: Sud | W52: Est | X52: CHA | Y52: FEU | Z52: =IF(ISNUMBER(MATCH(A52, TABLEAU_Floristique!B$1:DC$1, 0)), "OUI","NON") -> OUI | AB52: 0.82615 | AC52: 0.72462 | AD52: 0.14937485 | AE52: 0.24616304 | AF52: 712.48548 | AG52: 216.18255 | AH52: 7907.6262 | AI52: 123.46773 | AJ52: 0.03718 | AK52: 218.2443 | AL52: 181.10805 | AM52: 2012.1289 | AN52: 658 | AO52: 0 | AP52: 228 | AQ52: 2659 | AR52: 473 | AS52: 87 | AT52: 2 | AU52: 46 | AV52: 0.64295 | AW52: 0.8144 | AX52: 2.20746 | AY52: BORALDES | AZ52: BORALDES_EST | BA52: 96.28896
A53: F46 | B53: 46135 | C53: Gabin Laville | D53: 701258.35 | E53: 6379029.7 | F53: 3 | G53: 129.47246 | H53: 776 | I53: 5 | J53: 22 | K53: MTF | L53: 5 | M53: 3 | N53: 5 | O53: 0 | P53: 0 | Q53: 1 | R53: 0 | S53: 0 | T53: 0 | U53: Nord | V53: Sud | W53: Est | X53: FEU | Y53: FEU | Z53: =IF(ISNUMBER(MATCH(A53, TABLEAU_Floristique!B$1:DC$1, 0)), "OUI","NON") -> OUI | AB53: 0.81537 | AC53: 0.89716 | AD53: 0.21462812 | AE53: 0.18299463 | AF53: 437.19846 | AG53: 660.90014 | AH53: 10782.846 | AI53: 159.79632 | AJ53: 0.16511 | AK53: 501.15849 | AN53: 653 | AO53: 0 | AP53: 229 | AQ53: 2651 | AR53: 312 | AS53: 89 | AT53: 1 | AU53: 48 | AV53: 0.99497 | AW53: 0.21241 | AX53: 0.80492 | AY53: BORALDES | AZ53: BORALDES_EST | BA53: 52.668806
A54: F47 | B54: 46135 | C54: Gabin Laville | D54: 700050.16 | E54: 6378344.6 | F54: 5 | G54: 210.37912 | H54: 796 | I54: 5 | J54: 32 | K54: MTF | L54: 5 | M54: 3 | N54: 5 | O54: 0 | P54: 0 | Q54: 0 | R54: 0 | S54: 0 | T54: 0 | U54: Nord | V54: Sud | W54: Est | X54: FEU | Y54: FEU | Z54: =IF(ISNUMBER(MATCH(A54, TABLEAU_Floristique!B$1:DC$1, 0)), "OUI","NON") -> OUI | AB54: 0.93433 | AC54: 0.60407 | AD54: 0.10486828 | AE54: 0.37608928 | AF54: 256.19062 | AG54: 101.73344 | AH54: 10484.119 | AI54: 162.59823 | AJ54: 0.09055 | AK54: 331.74607 | AM54: 3996.0259 | AN54: 633 | AO54: 0 | AP54: 250 | AQ54: 2652 | AR54: 484 | AS54: 91 | AT54: 3 | AU54: 49 | AV54: 0.99497 | AW54: 0.21241 | AX54: 0.80492 | AY54: BORALDES | AZ54: BORALDES_EST | BA54: 90.318252
A55: F48 | B55: 46057 | C55: Gabin Laville | D55: 698989.98 | E55: 6377045.5 | F55: 4 | G55: 122.73523 | H55: 610 | I55: 5 | J55: 17 | K55: FI | L55: 5 | M55: 4 | N55: 4 | O55: 0 | P55: 0 | Q55: 0 | R55: 0 | S55: 0 | T55: 0 | U55: Nord | V55: Sud | W55: Est | X55: CHE | Y55: FEU | Z55: =IF(ISNUMBER(MATCH(A55, TABLEAU_Floristique!B$1:DC$1, 0)), "OUI","NON") -> OUI | AB55: 0.97061 | AC55: 0.93611 | AD55: 0.010514562 | AE55: 0.039509218 | AF55: 113.09501 | AG55: 257.16856 | AH55: 10935.506 | AI55: 224.51817 | AJ55: 0.04641 | AK55: 351.85853 | AM55: 849.76815 | AN55: 630 | AO55: 0 | AP55: 251 | AQ55: 2646 | AR55: 583 | AS55: 93 | AT55: 9 | AU55: 53 | AV55: 0.99497 | AW55: 0.21241 | AX55: 0.80492 | AY55: BORALDES | AZ55: BORALDES_EST | BA55: 214.68839
A56: F49 | B56: 46133 | C56: Gabin Laville | D56: 697725.08 | E56: 6379837 | F56: 5 | G56: 149.48976 | H56: 698 | I56: 5 | J56: 22 | K56: FI | L56: 5 | M56: 4 | N56: 2 | O56: 0 | P56: 0 | Q56: 0 | R56: 1 | S56: 0 | T56: 0 | U56: Nord | V56: Sud | W56: Est | X56: CHE | Y56: FEU | Z56: =IF(ISNUMBER(MATCH(A56, TABLEAU_Floristique!B$1:DC$1, 0)), "OUI","NON") -> OUI | AB56: 0.8341 | AC56: 0.72887 | AD56: 0.17725916 | AE56: 0.25759213 | AF56: 714.18224 | AG56: 270.44168 | AH56: 7923.2599 | AI56: 192.68893 | AJ56: 0.18493 | AK56: 329.17855 | AM56: 26.24833 | AN56: 650 | AO56: 0 | AP56: 239 | AQ56: 2666 | AR56: 472 | AS56: 91 | AT56: 4 | AU56: 50 | AV56: 0.64295 | AW56: 0.8144 | AX56: 2.20746 | AY56: BORALDES | AZ56: BORALDES_EST | BA56: 104.1378
A57: F5 | B57: 46119 | C57: Gabin Laville | D57: 691792.94 | E57: 6408682.6 | F57: 2 | G57: 5.7105942 | H57: 1075 | I57: 1 | K57: A | L57: 4 | M57: 3 | N57: 1 | O57: 0 | P57: 0 | Q57: 0 | R57: 0 | S57: 0 | T57: 0 | U57: Sud | V57: Nord | W57: Est | X57: MIX | Y57: HET | Z57: =IF(ISNUMBER(MATCH(A57, TABLEAU_Floristique!B$1:DC$1, 0)), "OUI","NON") -> OUI | AA57: coupes récentes | AB57: 0.32836 | AC57: 0.24491 | AD57: 0.60088286 | AE57: 0.72026846 | AF57: 89.229571 | AG57: 178.70843 | AH57: 16224.346 | AI57: 459.25538 | AJ57: 0.15235 | AK57: 76.91455 | AL57: 2027.1975 | AM57: 3071.7984 | AN57: 757 | AO57: 0 | AP57: 168 | AQ57: 2766 | AR57: 776 | AS57: 74 | AT57: -1 | AU57: 34 | AV57: 0.72789 | AW57: 0.0065 | AX57: 0.05199 | AY57: AUTRE | AZ57: PLATEAU_FERME_NORD | BA57: 38.381756
A58: F50 | C58: Simon Chollet, Vincent Yung | D58: 703902.19 | E58: 6382811.6 | F58: 2 | G58: 251.56505 | H58: 1044 | I58: 6 | K58: FI | L58: 5 | M58: 3 | N58: 3 | O58: 0 | P58: 0 | Q58: 0 | R58: 0 | S58: 0 | T58: 0 | U58: Nord | V58: Sud | W58: Est | X58: HET | Y58: HET | Z58: =IF(ISNUMBER(MATCH(A58, TABLEAU_Floristique!B$1:DC$1, 0)), "OUI","NON") -> OUI | AB58: 0.93997 | AC58: 0.80524 | AD58: 0.064167732 | AE58: 0.19016612 | AF58: 2129.6884 | AG58: 56.731434 | AH58: 9918.8972 | AI58: 73.334176 | AJ58: 0.06218 | AK58: 338.52016 | AL58: 24.80206 | AM58: 198.02874 | AN58: 685 | AO58: 0 | AP58: 181 | AQ58: 2605 | AR58: 472 | AS58: 73 | AT58: -9 | AU58: 34 | AV58: 0.99497 | AW58: 0.21241 | AX58: 0.80492 | AY58: BORALDES | AZ58: BORALDES_EST | BA58: 137.73458
A59: F51 | B59: 46134 | C59: Gabin Laville | D59: 693514.6 | E59: 6413551.2 | F59: 1 | G59: 26.565052 | H59: 1013 | I59: 1 | J59: 28 | K59: FI | L59: 5 | M59: 5 | N59: 2 | O59: 0 | P59: 0 | Q59: 0 | R59: 0 | S59: 0 | T59: 0 | U59: Nord | V59: Sud | W59: Est | X59: MIX | Y59: CON | Z59: =IF(ISNUMBER(MATCH(A59, TABLEAU_Floristique!B$1:DC$1, 0)), "OUI","NON") -> OUI | AB59: 0.9282 | AC59: 0.79631 | AD59: 0.074706337 | AE59: 0.1982255 | AF59: 466.79579 | AG59: 176.93678 | AH59: 19866.115 | AI59: 879.62591 | AK59: 574.21797 | AN59: 725 | AO59: 0 | AP59: 182 | AQ59: 2742 | AR59: 680 | AS59: 73 | AT59: 7 | AU59: 37 | AY59: AUTRE | AZ59: PLATEAU_FERME_NORD | BA59: 177.1905
A60: F52 | B60: 46132 | C60: Gabin Laville | D60: 694815.63 | E60: 6411892.7 | F60: 2 | G60: 90 | H60: 1052 | I60: 1 | J60: 24 | K60: FI | L60: 5 | M60: 5 | N60: + | O60: 0 | P60: 0 | Q60: 0 | R60: 0 | S60: 0 | T60: 0 | U60: Nord | V60: Sud | W60: Est | X60: CON | Y60: CON | Z60: =IF(ISNUMBER(MATCH(A60, TABLEAU_Floristique!B$1:DC$1, 0)), "OUI","NON") -> OUI | AB60: 0.89661 | AC60: 0.59464 | AD60: 0.11327106 | AE60: 0.38448589 | AF60: 405.31621 | AG60: 431.30333 | AH60: 17865.052 | AI60: 894.16087 | AJ60: 0.10854 | AK60: 625.67768 | AN60: 724 | AO60: 0 | AP60: 170 | AQ60: 2669 | AR60: 676 | AS60: 72 | AT60: 1 | AU60: 34 | AY60: AUTRE | AZ60: PLATEAU_FERME_NORD | BA60: 139.0352
A61: F53 | B61: 46134 | C61: Gabin Laville | D61: 700413.77 | E61: 6409677.9 | F61: 2 | G61: 47.202599 | H61: 1272 | I61: 6 | K61: FR | L61: 5 | M61: 2 | N61: + | O61: 0 | P61: 0 | Q61: 0 | R61: 0 | S61: 0 | T61: 0 | U61: Nord | V61: Sud | W61: Est | X61: CON | Y61: CON | Z61: =IF(ISNUMBER(MATCH(A61, TABLEAU_Floristique!B$1:DC$1, 0)), "OUI","NON") -> OUI | AB61: 0.98113 | AC61: 0.91223 | AE61: 0.063409241 | AF61: 1544.2862 | AG61: 107.19593 | AH61: 14067.372 | AI61: 297.99684 | AJ61: 0.00245 | AK61: 429.1505 | AM61: 10.72066 | AN61: 686 | AO61: 0 | AP61: 138 | AQ61: 2496 | AR61: 661 | AS61: 61 | AT61: 3 | AU61: 27 | AY61: AUTRE | AZ61: PLATEAU_FERME_NORD | BA61: 280.63023
A62: F54 | B62: 46134 | C62: Gabin Laville | D62: 699990.81 | E62: 6411038.2 | F62: 1 | G62: 34.380344 | H62: 1169 | I62: 1 | J62: 30 | K62: FI | L62: 5 | M62: 4 | N62: + | O62: 0 | P62: 0 | Q62: 0 | R62: 0 | S62: 0 | T62: 0 | U62: Nord | V62: Sud | W62: Est | X62: MIX | Y62: CON | Z62: =IF(ISNUMBER(MATCH(A62, TABLEAU_Floristique!B$1:DC$1, 0)), "OUI","NON") -> OUI | AB62: 0.94497 | AC62: 0.79594 | AD62: 0.05618013 | AE62: 0.26943728 | AF62: 1682.7229 | AG62: 137.97962 | AH62: 15487.106 | AI62: 773.97155 | AJ62: 0.22681 | AK62: 605.62209 | AN62: 682 | AO62: 0 | AP62: 153 | AQ62: 2495 | AR62: 527 | AS62: 61 | AT62: 3 | AU62: 30 | AY62: AUTRE | AZ62: PLATEAU_FERME_NORD | BA62: 194.21922
A63: F55 | B63: 46132 | C63: Gabin Laville | D63: 693855.3 | E63: 6410616.2 | F63: 1 | G63: 50.194427 | H63: 1092 | I63: 1 | J63: 26 | K63: FI | L63: 5 | M63: 5 | N63: 2 | O63: 0 | P63: 0 | Q63: 0 | R63: 0 | S63: 0 | T63: 0 | U63: Nord | V63: Sud | W63: Est | X63: CON | Y63: CON | Z63: =IF(ISNUMBER(MATCH(A63, TABLEAU_Floristique!B$1:DC$1, 0)), "OUI","NON") -> OUI | AB63: 0.92813 | AC63: 0.87172 | AD63: 0.068127091 | AE63: 0.11731654 | AF63: 226.20774 | AG63: 502.54339 | AH63: 17016.434 | AI63: 670.02266 | AJ63: 0.11867 | AK63: 794.34668 | AN63: 739 | AO63: 0 | AP63: 166 | AQ63: 2702 | AR63: 781 | AS63: 66 | AT63: 5 | AU63: 33 | AY63: AUTRE | AZ63: PLATEAU_FERME_NORD | BA63: 141.1194
A64: F56 | B64: 46139 | C64: Gabin Laville | D64: 690941.6 | E64: 6389047.5 | F64: 2 | G64: 327.26477 | H64: 945 | I64: 6 | J64: 17 | K64: FI | L64: 5 | M64: 4 | N64: 2 | O64: 0 | P64: 0 | Q64: 0 | R64: 0 | S64: 0 | T64: 0 | U64: Nord | V64: Sud | W64: Ouest | X64: MIX | Y64: HET | Z64: =IF(ISNUMBER(MATCH(A64, TABLEAU_Floristique!B$1:DC$1, 0)), "OUI","NON") -> OUI | AB64: 0.78752 | AC64: 0.58592 | AD64: 0.28599294 | AE64: 0.4539017 | AF64: 35.269033 | AG64: 105.55635 | AH64: 3027.5724 | AI64: 286.76541 | AJ64: 0.13501 | AK64: 184.39791 | AL64: 559.42407 | AM64: 559.42407 | AN64: 727 | AO64: 0 | AP64: 204 | AQ64: 2788 | AR64: 784 | AS64: 82 | AT64: 3 | AU64: 41 | AV64: 0.12987 | AW64: 1 | AX64: 3.33766 | AY64: BORALDES | AZ64: BORALDE_OUEST | BA64: 65.769786
A65: F57 | B65: 46147 | C65: Gabin Laville | D65: 706382.94 | E65: 6377406.8 | F65: 2 | G65: 65.282562 | H65: 1044 | I65: 6 | J65: 22 | K65: FI | L65: 5 | M65: 5 | N65: 4 | O65: 0 | P65: 0 | Q65: 0 | R65: 0 | S65: 0 | T65: 0 | U65: Nord | V65: Sud | W65: Est | X65: FEU | Y65: FEU | Z65: =IF(ISNUMBER(MATCH(A65, TABLEAU_Floristique!B$1:DC$1, 0)), "OUI","NON") -> OUI | AB65: 0.92568 | AC65: 0.52133 | AD65: 0.11926372 | AE65: 0.46711972 | AF65: 1287.3602 | AG65: 326.36739 | AH65: 15538.447 | AI65: 479.25112 | AJ65: 0.09248 | AK65: 645.35708 | AN65: 695 | AO65: 0 | AP65: 199 | AQ65: 2678 | AR65: 557 | AS65: 75 | AT65: 4 | AU65: 39 | AY65: BORALDES | AZ65: BORALDES_EST | BA65: 94.428653
A66: F58 | B66: 46147 | C66: Gabin Laville | D66: 707115.42 | E66: 6376842.6 | F66: 3 | G66: 43.315315 | H66: 971 | I66: 5 | J66: 16 | K66: FI | L66: 5 | M66: 4 | N66: 4 | O66: 0 | P66: 0 | Q66: 0 | R66: 0 | S66: 0 | T66: 0 | U66: Nord | V66: Sud | W66: Est | X66: FEU | Y66: FEU | Z66: =IF(ISNUMBER(MATCH(A66, TABLEAU_Floristique!B$1:DC$1, 0)), "OUI","NON") -> OUI | AB66: 0.90307 | AC66: 0.48536 | AD66: 0.096269562 | AE66: 0.4606165 | AF66: 892.07438 | AG66: 282.56958 | AH66: 16443.345 | AI66: 458.68738 | AJ66: 0.02057 | AK66: 620.02933 | AN66: 690 | AO66: 0 | AP66: 209 | AQ66: 2703 | AR66: 593 | AS66: 84 | AT66: 0 | AU66: 43 | AY66: BORALDES | AZ66: BORALDES_EST | BA66: 165.73942
A67: F59 | B67: 46147 | C67: Gabin Laville | D67: 706775.93 | E67: 6376975.4 | F67: 2 | G67: 41.185925 | H67: 1026 | I67: 6 | J67: 27 | K67: FI | L67: 5 | M67: 4 | N67: + | O67: 0 | P67: 0 | Q67: 0 | R67: 0 | S67: 0 | T67: 0 | U67: Nord | V67: Sud | W67: Est | X67: FEU | Y67: FEU | Z67: =IF(ISNUMBER(MATCH(A67, TABLEAU_Floristique!B$1:DC$1, 0)), "OUI","NON") -> OUI | AB67: 0.74518 | AC67: 0.47914 | AD67: 0.25000371 | AE67: 0.45931841 | AF67: 1143.8694 | AG67: 247.76789 | AH67: 16121.802 | AI67: 536.24071 | AJ67: 0.03356 | AK67: 544.13286 | AN67: 695 | AO67: 0 | AP67: 199 | AQ67: 2703 | AR67: 557 | AS67: 75 | AT67: 4 | AU67: 39 | AY67: BORALDES | AZ67: BORALDES_EST | BA67: 115.9529
A68: F6 | B68: 46119 | C68: Gabin Laville | D68: 691531.77 | E68: 6409099.6 | F68: 2 | G68: 0 | H68: 1022 | I68: 3 | K68: FI | L68: 5 | M68: 3 | N68: 3 | O68: 0 | P68: 0 | Q68: 0 | R68: 0 | S68: 0 | T68: 0 | U68: Nord | V68: Sud | W68: Est | X68: SAP | Y68: HET | Z68: =IF(ISNUMBER(MATCH(A68, TABLEAU_Floristique!B$1:DC$1, 0)), "OUI","NON") -> OUI | AB68: 0.89497 | AC68: 0.51186 | AD68: 0.10808882 | AE68: 0.49525595 | AF68: 351.39221 | AG68: 638.38996 | AH68: 16714.734 | AI68: 546.36384 | AJ68: 0.29064 | AK68: 522.37523 | AN68: 757 | AO68: 0 | AP68: 168 | AQ68: 2801 | AR68: 776 | AS68: 74 | AT68: -1 | AU68: 34 | AV68: 0.72789 | AW68: 0.0065 | AX68: 0.05199 | AY68: AUTRE | AZ68: PLATEAU_FERME_NORD | BA68: 150.32842
A69: F60 | C69: Simon Chollet, Vincent Yung | D69: 703340.53 | E69: 6376409.7 | F69: 2 | G69: 232.59465 | H69: 911 | I69: 5 | K69: FI | L69: 3 | M69: 2 | N69: 5 | O69: 0 | P69: 0 | Q69: 0 | R69: 0 | S69: 0 | T69: 0 | U69: Nord | V69: Sud | W69: Est | X69: CHE | Y69: FEU | Z69: =IF(ISNUMBER(MATCH(A69, TABLEAU_Floristique!B$1:DC$1, 0)), "OUI","NON") -> OUI | AB69: 0.90039 | AC69: 0.88784 | AD69: 0.12400085 | AE69: 0.1223445 | AF69: 1509.8485 | AG69: 90.315221 | AH69: 14109.682 | AI69: 224.90891 | AJ69: 0.0298 | AK69: 715.72156 | AN69: 664 | AO69: 0 | AP69: 224 | AQ69: 2664 | AR69: 550 | AS69: 76 | AT69: 11 | AU69: 44 | AV69: 0.82144 | AW69: 0.1297 | AX69: 0.51881 | AY69: BORALDES | AZ69: BORALDES_EST | BA69: 103.16868
A70: F61 | C70: Simon Chollet, Vincent Yung | D70: 703969.2 | E70: 6377706.2 | F70: 3 | G70: 354.22568 | H70: 838 | I70: 5 | K70: FI | L70: 5 | M70: 1 | N70: 2 | O70: 0 | P70: 0 | Q70: 0 | R70: 0 | S70: 0 | T70: 0 | U70: Nord | V70: Sud | W70: Est | X70: CHE | Y70: FEU | Z70: =IF(ISNUMBER(MATCH(A70, TABLEAU_Floristique!B$1:DC$1, 0)), "OUI","NON") -> OUI | AB70: 0.76766 | AC70: 0.78863 | AD70: 0.20384196 | AE70: 0.19220732 | AF70: 1243.7616 | AG70: 94.98662 | AH70: 13678.916 | AI70: 456.83369 | AJ70: 0.30949 | AK70: 194.05869 | AL70: 257.34357 | AM70: 1249.0932 | AN70: 659 | AO70: 0 | AP70: 226 | AQ70: 2665 | AR70: 415 | AS70: 90 | AT70: 0 | AU70: 48 | AV70: 0.82144 | AW70: 0.1297 | AX70: 0.51881 | AY70: BORALDES | AZ70: BORALDES_EST | BA70: 98.789761
A71: F62 | B71: 46147 | C71: Gabin Laville | D71: 708233.83 | E71: 6378253 | F71: 3 | G71: 82.724998 | H71: 932 | I71: 6 | J71: 24 | K71: T | L71: 5 | M71: 5 | N71: 2 | O71: 0 | P71: 0 | Q71: 0 | R71: 0 | S71: 0 | T71: 0 | U71: Nord | V71: Sud | W71: Est | X71: FEU | Y71: FEU | Z71: =IF(ISNUMBER(MATCH(A71, TABLEAU_Floristique!B$1:DC$1, 0)), "OUI","NON") -> OUI | AB71: 0.90569 | AC71: 0.79246 | AD71: 0.065500546 | AE71: 0.15564018 | AF71: 40.327312 | AG71: 193.07706 | AH71: 16130.272 | AI71: 169.30365 | AJ71: 0.08819 | AK71: 437.44103 | AM71: 294.60436 | AN71: 684 | AO71: 0 | AP71: 211 | AQ71: 2673 | AR71: 629 | AS71: 82 | AT71: -1 | AU71: 41 | AY71: BORALDES | AZ71: BORALDES_EST | BA71: 29.550523
A72: F63 | B72: 46057 | C72: Gabin Laville | D72: 698741.91 | E72: 6375618.4 | F72: 3 | G72: 98.285797 | H72: 523 | I72: 5 | J72: 27 | K72: MTF | L72: 5 | M72: 5 | N72: 4 | O72: 0 | P72: 0 | Q72: 0 | R72: 0 | S72: 0 | T72: 0 | U72: Nord | V72: Sud | W72: Est | X72: CHA | Y72: FEU | Z72: =IF(ISNUMBER(MATCH(A72, TABLEAU_Floristique!B$1:DC$1, 0)), "OUI","NON") -> OUI | AB72: 0.80319 | AC72: 0.77859 | AD72: 0.16118903 | AE72: 0.17971844 | AF72: 55.747984 | AG72: 194.25502 | AH72: 11829.131 | AI72: 165.78071 | AJ72: 0.60162 | AK72: 116.46189 | AL72: 581.70259 | AM72: 2150.7503 | AN72: 616 | AO72: 0 | AP72: 263 | AQ72: 2639 | AR72: 619 | AS72: 99 | AT72: 11 | AU72: 56 | AV72: 0.99497 | AW72: 0.21241 | AX72: 0.80492 | AY72: BORALDES | AZ72: BORALDES_EST | BA72: 125.42316
A73: F64 | B73: 46206 | C73: Gabin Laville | D73: 708439.05 | E73: 6381573.7 | F73: 2 | G73: 257.47119 | H73: 1175 | I73: 5 | J73: 22 | K73: FI | L73: 4 | M73: 4 | N73: + | O73: 1 | P73: 0 | Q73: 0 | R73: 1 | S73: 0 | T73: 0 | U73: Nord | V73: Sud | W73: Est | X73: HET | Y73: HET | Z73: =IF(ISNUMBER(MATCH(A73, TABLEAU_Floristique!B$1:DC$1, 0)), "OUI","NON") -> OUI | AB73: 0.90331 | AC73: 0.66059 | AD73: 0.022017024 | AE73: 0.18987503 | AF73: 2337.2106 | AG73: 642.36049 | AH73: 13599.431 | AI73: 287.37305 | AJ73: 0.48325 | AK73: 962.55004 | AN73: 692 | AO73: 0 | AP73: 163 | AQ73: 2589 | AR73: 428 | AS73: 67 | AT73: -7 | AU73: 30 | AY73: BORALDES | AZ73: PLATEAU_FERME_SUD | BA73: 217.97851
A74: F66 | B74: 46183 | C74: Gabin Laville | D74: 710341.01 | E74: 6385437.3 | F74: 1 | G74: 225 | H74: 1402 | I74: 8 | J74: 13 | K74: FR | L74: 4 | M74: 2 | N74: 5 | O74: 0 | P74: 0 | Q74: 0 | R74: 0 | S74: 0 | T74: 0 | U74: Nord | V74: Sud | W74: Est | X74: MIX | Y74: CON | Z74: =IF(ISNUMBER(MATCH(A74, TABLEAU_Floristique!B$1:DC$1, 0)), "OUI","NON") -> OUI | AB74: 0.79736 | AC74: 0.66091 | AD74: 0.20774726 | AE74: 0.27991523 | AF74: 484.21855 | AG74: 56.520926 | AH74: 10180.406 | AI74: 638.9392 | AK74: 568.89478 | AN74: 685 | AO74: 0 | AP74: 127 | AQ74: 2438 | AR74: 439 | AS74: 52 | AT74: -4 | AU74: 23 | AY74: BORALDES | AZ74: PLATEAU_FERME_SUD | BA74: 86.932134
A75: F67 | B75: 46183 | C75: Gabin Laville | D75: 710638.6 | E75: 6385211 | F75: 1 | G75: 165.96375 | H75: 1394 | I75: 8 | J75: 19 | K75: FI | L75: 4 | M75: 3 | N75: 5 | O75: 0 | P75: 0 | Q75: 0 | R75: 0 | S75: 0 | T75: 0 | U75: Nord | V75: Sud | W75: Est | X75: PIN | Y75: CON | Z75: =IF(ISNUMBER(MATCH(A75, TABLEAU_Floristique!B$1:DC$1, 0)), "OUI","NON") -> OUI | AB75: 0.91928 | AC75: 0.90027 | AD75: 0.1477194 | AE75: 0.12236972 | AF75: 692.40005 | AG75: 46.989796 | AH75: 10490.049 | AI75: 322.95134 | AK75: 813.80091 | AN75: 685 | AO75: 0 | AP75: 127 | AQ75: 2411 | AR75: 439 | AS75: 52 | AT75: -4 | AU75: 23 | AY75: BORALDES | AZ75: PLATEAU_FERME_SUD | BA75: 28.237796
A76: F69 | B76: 46147 | C76: Gabin Laville | D76: 706673.57 | E76: 6378050.2 | F76: 3 | G76: 82.146683 | H76: 957 | I76: 3 | J76: 19 | K76: FI | L76: 4 | M76: 3 | N76: 3 | O76: 0 | P76: 0 | Q76: 0 | R76: 0 | S76: 0 | T76: 0 | U76: Nord | V76: Sud | W76: Est | X76: MIX | Y76: FEU | Z76: =IF(ISNUMBER(MATCH(A76, TABLEAU_Floristique!B$1:DC$1, 0)), "OUI","NON") -> OUI | AB76: 0.38026 | AC76: 0.23912 | AD76: 0.54828473 | AE76: 0.51956619 | AF76: 880.08534 | AG76: 68.676247 | AH76: 15244.193 | AI76: 23.918906 | AJ76: 0.00098 | AK76: 442.75264 | AM76: 1836.523 | AN76: 697 | AO76: 0 | AP76: 193 | AQ76: 2669 | AR76: 543 | AS76: 76 | AT76: 2 | AU76: 37 | AY76: BORALDES | AZ76: BORALDES_EST | BA76: 26.106787
A77: F7 | B77: 46197 | C77: Gabin Laville | D77: 690660.08 | E77: 6413465.7 | F77: 3 | G77: 61.144341 | H77: 990 | I77: 4 | K77: MTF | L77: 5 | M77: 3 | N77: 1 | O77: 0 | P77: 0 | Q77: 0 | R77: 0 | S77: 0 | T77: 0 | U77: Nord | V77: Sud | W77: Est | X77: HET | Y77: HET | Z77: =IF(ISNUMBER(MATCH(A77, TABLEAU_Floristique!B$1:DC$1, 0)), "OUI","NON") -> OUI | AB77: 0.97943 | AC77: 0.93099 | AD77: 0.0067398643 | AE77: 0.028394407 | AF77: 736.02508 | AG77: 413.00392 | AH77: 20972.931 | AI77: 737.50033 | AJ77: 0.23203 | AK77: 678.23818 | AN77: 763 | AO77: 0 | AP77: 178 | AQ77: 2814 | AR77: 764 | AS77: 71 | AT77: 5 | AU77: 36 | AY77: AUTRE | AZ77: PLATEAU_FERME_NORD | BA77: 226.55764
A78: F71 | B78: 46196 | C78: Gabin Laville | D78: 686771.69 | E78: 6399981.8 | F78: 2 | G78: 5.7105942 | H78: 960 | I78: 1 | J78: 22 | K78: FI | L78: 4 | M78: 5 | N78: 5 | O78: 0 | P78: 0 | Q78: 0 | R78: 0 | S78: 0 | T78: 0 | U78: Nord | V78: Sud | W78: Est | X78: HET | Y78: HET | Z78: =IF(ISNUMBER(MATCH(A78, TABLEAU_Floristique!B$1:DC$1, 0)), "OUI","NON") -> OUI | AB78: 0.84131 | AC78: 0.50907 | AD78: 0.13940018 | AE78: 0.5009426 | AF78: 172.10208 | AG78: 163.03513 | AH78: 13589.359 | AI78: 82.514933 | AJ78: 0.28485 | AK78: 134.02958 | AL78: 2038.6927 | AM78: 2854.9927 | AN78: 780 | AO78: 0 | AP78: 185 | AQ78: 2886 | AR78: 786 | AS78: 77 | AT78: 1 | AU78: 37 | AV78: 0.31304 | AW78: 0.15652 | AX78: 0.4226 | AY78: AUTRE | AZ78: VIADENE | BA78: 95.216888
A79: F72 | B79: 46196 | C79: Gabin Laville | D79: 686449.57 | E79: 6400071.9 | F79: 2 | G79: 29.475887 | H79: 964 | I79: 1 | J79: 10 | K79: FI | L79: 4 | M79: 5 | N79: 5 | O79: 0 | P79: 0 | Q79: 0 | R79: 0 | S79: 0 | T79: 0 | U79: Nord | V79: Sud | W79: Est | X79: HET | Y79: HET | Z79: =IF(ISNUMBER(MATCH(A79, TABLEAU_Floristique!B$1:DC$1, 0)), "OUI","NON") -> OUI | AB79: 0.733 | AC79: 0.54034 | AD79: 0.30310373 | AE79: 0.48608547 | AF79: 401.67032 | AG79: 304.178 | AH79: 13917.857 | AI79: 205.45314 | AJ79: 0.24112 | AK79: 269.44292 | AM79: 2759.1995 | AN79: 780 | AO79: 0 | AP79: 185 | AQ79: 2914 | AR79: 786 | AS79: 77 | AT79: 1 | AU79: 37 | AV79: 0.31304 | AW79: 0.15652 | AX79: 0.4226 | AY79: AUTRE | AZ79: VIADENE | BA79: 39.407835
A80: F73 | B80: 46172 | C80: Vincent Jung, Gabin Laville | D80: 694117.77 | E80: 6397409.6 | F80: 1 | G80: 227.86241 | H80: 1306 | I80: 8 | K80: MTF | L80: 4 | M80: 2 | N80: + | O80: 0 | P80: 0 | Q80: 0 | R80: 0 | S80: 0 | T80: 0 | U80: Nord | V80: Sud | W80: Est | X80: HET | Y80: HET | Z80: =IF(ISNUMBER(MATCH(A80, TABLEAU_Floristique!B$1:DC$1, 0)), "OUI","NON") -> OUI | AA80: chenil | AB80: 0.99755 | AC80: 0.77357 | AD80: 0.066307121 | AE80: 0.19289344 | AF80: 321.45885 | AG80: 244.6512 | AH80: 5953.2334 | AI80: 509.84225 | AJ80: 0.72917 | AK80: 231.58223 | AL80: 192.68683 | AM80: 6685.9648 | AN80: 769 | AO80: 0 | AP80: 126 | AQ80: 2704 | AR80: 694 | AS80: 60 | AT80: -4 | AU80: 24 | AV80: 0.31304 | AW80: 0.15652 | AX80: 0.4226 | AY80: BORALDES | AZ80: PLATEAU | BA80: 86.113468
A81: F74 | C81: Simon Chollet, Vincent Yung | D81: 694380.46 | E81: 6398557.4 | F81: 1 | G81: 213.69006 | H81: 1327 | I81: 8 | K81: T | L81: 4 | M81: 2 | N81: 5 | O81: 1 | P81: 0 | Q81: 0 | R81: 3 | S81: 0 | T81: 0 | U81: Nord | V81: Sud | W81: Est | X81: HET | Y81: HET | Z81: =IF(ISNUMBER(MATCH(A81, TABLEAU_Floristique!B$1:DC$1, 0)), "OUI","NON") -> OUI | AB81: 0.88253 | AC81: 0.63765 | AD81: 0.12790736 | AE81: 0.38089804 | AF81: 393.39526 | AG81: 199.40746 | AH81: 6488.8594 | AI81: 458.86792 | AJ81: 0.49569 | AK81: 429.68566 | AM81: 181.67096 | AN81: 760 | AO81: 0 | AP81: 134 | AQ81: 2700 | AR81: 939 | AS81: 55 | AT81: -2 | AU81: 24 | AV81: 0.31304 | AW81: 0.15652 | AX81: 0.4226 | AY81: BORALDES | AZ81: PLATEAU | BA81: 153.19798
A82: F75 | C82: Simon Chollet, Vincent Yung | D82: 693897.03 | E82: 6397994.8 | F82: 3 | G82: 291.03751 | H82: 1267 | I82: 7 | K82: FI | L82: 5 | M82: 2 | N82: 3 | O82: 1 | P82: 0 | Q82: 0 | R82: 0 | S82: 0 | T82: 0 | U82: Nord | V82: Sud | W82: Est | X82: HET | Y82: HET | Z82: =IF(ISNUMBER(MATCH(A82, TABLEAU_Floristique!B$1:DC$1, 0)), "OUI","NON") -> OUI | AB82: 0.72325 | AC82: 0.73918 | AD82: 0.34176888 | AE82: 0.28471717 | AF82: 243.43238 | AG82: 94.015281 | AH82: 6486.2283 | AI82: 120.53812 | AJ82: 0.65855 | AK82: 812.59284 | AN82: 766 | AO82: 0 | AP82: 138 | AQ82: 2704 | AR82: 822 | AS82: 60 | AT82: -2 | AU82: 25 | AV82: 0.31304 | AW82: 0.15652 | AX82: 0.4226 | AY82: BORALDES | AZ82: PLATEAU | BA82: 37.988202
A83: F76 | B83: 46172 | C83: Vincent Jung, Gabin Laville | D83: 693790.89 | E83: 6398732.6 | F83: 2 | G83: 333.43494 | H83: 1302 | I83: 6 | K83: MTF | L83: 4 | M83: 3 | N83: 2 | O83: 0 | P83: 0 | Q83: 0 | R83: 0 | S83: 0 | T83: 0 | U83: Nord | V83: Sud | W83: Est | X83: HET | Y83: HET | Z83: =IF(ISNUMBER(MATCH(A83, TABLEAU_Floristique!B$1:DC$1, 0)), "OUI","NON") -> OUI | AB83: 0.88999 | AC83: 0.89513 | AD83: 0.11234979 | AE83: 0.11669052 | AF83: 500.52604 | AG83: 305.05693 | AH83: 7048.0983 | AI83: 401.88159 | AJ83: 0.79366 | AK83: 1011.3119 | AN83: 768 | AO83: 0 | AP83: 135 | AQ83: 2700 | AR83: 934 | AS83: 56 | AT83: -2 | AU83: 25 | AV83: 0.31304 | AW83: 0.15652 | AX83: 0.4226 | AY83: BORALDES | AZ83: PLATEAU | BA83: 65.390845
A84: F77 | B84: 46190 | C84: Gabin Laville | D84: 693365.37 | E84: 6398221.5 | F84: 3 | G84: 236.30994 | H84: 1267 | I84: 2 | J84: 21 | K84: FI | L84: 5 | M84: 3 | N84: 1 | O84: 1 | P84: 0 | Q84: 0 | R84: 0 | S84: 0 | T84: 0 | U84: Nord | V84: Sud | W84: Est | X84: HET | Y84: HET | Z84: =IF(ISNUMBER(MATCH(A84, TABLEAU_Floristique!B$1:DC$1, 0)), "OUI","NON") -> OUI | AB84: 0.8903 | AC84: 0.78288 | AD84: 0.099795637 | AE84: 0.22206953 | AF84: 168.1373 | AG84: 284.93367 | AH84: 7043.2002 | AI84: 333.23391 | AJ84: 0.76974 | AK84: 901.57711 | AN84: 766 | AO84: 0 | AP84: 138 | AQ84: 2728 | AR84: 822 | AS84: 60 | AT84: -2 | AU84: 25 | AV84: 0.31304 | AW84: 0.15652 | AX84: 0.4226 | AY84: BORALDES | AZ84: PLATEAU | BA84: 94.584306
A85: F78 | B85: 46164 | C85: Gabin Laville | D85: 692675.03 | E85: 6397467.5 | F85: 2 | G85: 280.30484 | H85: 1246 | I85: 7 | J85: 22 | K85: MTF | L85: 5 | M85: 4 | N85: 2 | O85: 1 | P85: 0 | Q85: 0 | R85: 1 | S85: 0 | T85: 0 | U85: Nord | V85: Sud | W85: Est | X85: HET | Y85: HET | Z85: =IF(ISNUMBER(MATCH(A85, TABLEAU_Floristique!B$1:DC$1, 0)), "OUI","NON") -> OUI | AB85: 0.9772 | AC85: 0.92476 | AD85: 0.031419343 | AE85: 0.090641428 | AF85: 186.02798 | AG85: 422.00844 | AH85: 7196.3685 | AI85: 422.92221 | AJ85: 0.71687 | AK85: 429.32991 | AM85: 526.3708 | AN85: 768 | AO85: 0 | AP85: 144 | AQ85: 2729 | AR85: 630 | AS85: 64 | AT85: -5 | AU85: 28 | AV85: 0.31304 | AW85: 0.15652 | AX85: 0.4226 | AY85: BORALDES | AZ85: PLATEAU | BA85: 69.451362
A86: F79 | B86: 46164 | C86: Gabin Laville | D86: 692095.05 | E86: 6398242.9 | F86: 2 | G86: 50.710594 | H86: 1215 | I86: 6 | J86: 17 | K86: FI | L86: 5 | M86: 4 | N86: 2 | O86: 0 | P86: 0 | Q86: 0 | R86: 1 | S86: 0 | T86: 0 | U86: Nord | V86: Sud | W86: Est | X86: HET | Y86: HET | Z86: =IF(ISNUMBER(MATCH(A86, TABLEAU_Floristique!B$1:DC$1, 0)), "OUI","NON") -> OUI | AB86: 0.90827 | AC86: 0.72309 | AD86: 0.085750603 | AE86: 0.30177245 | AF86: 531.49476 | AG86: 453.83794 | AH86: 8094.2179 | AI86: 453.96121 | AJ86: 0.50789 | AK86: 637.30256 | AN86: 767 | AO86: 0 | AP86: 154 | AQ86: 2755 | AR86: 670 | AS86: 63 | AT86: -2 | AU86: 29 | AV86: 0.31304 | AW86: 0.15652 | AX86: 0.4226 | AY86: BORALDES | AZ86: PLATEAU | BA86: 144.86753
A87: F8 | B87: 46120 | C87: Gabin Laville | D87: 693784.17 | E87: 6390522.3 | F87: 4 | G87: 290.85446 | H87: 1033 | I87: 5 | K87: FR | L87: 5 | M87: 3 | N87: 2 | O87: 1 | P87: 0 | Q87: 0 | R87: 1 | S87: 0 | T87: 0 | U87: Nord | V87: Sud | W87: Est | X87: HET | Y87: HET | Z87: =IF(ISNUMBER(MATCH(A87, TABLEAU_Floristique!B$1:DC$1, 0)), "OUI","NON") -> OUI | AA87: chaos rocheux | AB87: 0.41888 | AC87: 0.43559 | AD87: 0.56635675 | AE87: 0.56533116 | AF87: 1077.9956 | AG87: 173.24005 | AH87: 2288.7568 | AI87: 144.07843 | AJ87: 0.10439 | AK87: 183.86374 | AL87: 209.45401 | AM87: 1420.3496 | AN87: 730 | AO87: 0 | AP87: 181 | AQ87: 2724 | AR87: 728 | AS87: 73 | AT87: 0 | AU87: 35 | AV87: 0.12987 | AW87: 1 | AX87: 3.33766 | AY87: BORALDES | AZ87: BORALDE_OUEST | BA87: 69.480358
A88: F80 | B88: 46172 | C88: Vincent Jung, Gabin Laville | D88: 694111.82 | E88: 6399408.8 | F88: 1 | G88: 0 | H88: 1314 | I88: 8 | K88: MTF | L88: 4 | M88: 3 | N88: 2 | O88: 1 | P88: 0 | Q88: 0 | R88: 0 | S88: 0 | T88: 0 | U88: Nord | V88: Sud | W88: Est | X88: HET | Y88: HET | Z88: =IF(ISNUMBER(MATCH(A88, TABLEAU_Floristique!B$1:DC$1, 0)), "OUI","NON") -> OUI | AB88: 0.92936 | AC88: 0.69999 | AD88: 0.08611694 | AE88: 0.32108391 | AF88: 1148.2994 | AG88: 186.51643 | AH88: 7267.0415 | AI88: 729.18028 | AJ88: 0.66162 | AK88: 561.59596 | AN88: 768 | AO88: 0 | AP88: 135 | AQ88: 2700 | AR88: 934 | AS88: 56 | AT88: -2 | AU88: 25 | AV88: 0.31304 | AW88: 0.15652 | AX88: 0.4226 | AY88: BORALDES | AZ88: PLATEAU | BA88: 181.50824
A89: F81 | C89: Simon Chollet, Vincent Yung | D89: 694511.04 | E89: 6399033.4 | F89: 1 | G89: 288.43494 | H89: 1326 | I89: 8 | K89: T | L89: 4 | M89: + | N89: 3 | O89: 1 | P89: 0 | Q89: 0 | R89: 1 | S89: 0 | T89: 0 | U89: Nord | V89: Sud | W89: Est | X89: HET | Y89: HET | Z89: =IF(ISNUMBER(MATCH(A89, TABLEAU_Floristique!B$1:DC$1, 0)), "OUI","NON") -> OUI | AB89: 0.81976 | AC89: 0.58373 | AD89: 0.24313714 | AE89: 0.44317572 | AF89: 614.47027 | AG89: 175.56185 | AH89: 6719.3142 | AI89: 525.33279 | AJ89: 0.49776 | AK89: 650.5782 | AN89: 760 | AO89: 0 | AP89: 134 | AQ89: 2700 | AR89: 939 | AS89: 55 | AT89: -2 | AU89: 24 | AV89: 0.31304 | AW89: 0.15652 | AX89: 0.4226 | AY89: BORALDES | AZ89: PLATEAU | BA89: 117.0526
A90: F82 | B90: 46196 | C90: Gabin Laville | D90: 692803.67 | E90: 6399713.5 | F90: 1 | G90: 255.06859 | H90: 1264 | I90: 7 | J90: 22 | K90: FI | L90: 5 | M90: 4 | N90: 1 | O90: 1 | P90: 0 | Q90: 0 | R90: 1 | S90: 0 | T90: 0 | U90: Ouest | V90: Sud | W90: Nord | X90: HET | Y90: HET | Z90: =IF(ISNUMBER(MATCH(A90, TABLEAU_Floristique!B$1:DC$1, 0)), "OUI","NON") -> OUI | AA90: taillis fureté mais structure de futaie irrégulière | AB90: 0.99855 | AC90: 0.69774 | AD90: 7.0336717e-06 | AE90: 0.29080157 | AF90: 1737.9434 | AG90: 503.16027 | AH90: 8436.9141 | AI90: 330.95006 | AJ90: 0.60675 | AK90: 456.14124 | AM90: 433.5337 | AN90: 770 | AO90: 0 | AP90: 142 | AQ90: 2728 | AR90: 774 | AS90: 56 | AT90: 0 | AU90: 26 | AV90: 0.31304 | AW90: 0.15652 | AX90: 0.4226 | AY90: BORALDES | AZ90: PLATEAU | BA90: 246.57018
A91: F83 | C91: Simon Chollet, Vincent Yung | D91: 699669.86 | E91: 6387632.3 | F91: 5 | G91: 226.7357 | H91: 1180 | I91: 2 | K91: FI | L91: 4 | M91: 1 | N91: 3 | O91: 2 | P91: 0 | Q91: 0 | R91: 2 | S91: 0 | T91: 0 | U91: Nord | V91: Sud | W91: Est | X91: HET | Y91: HET | Z91: =IF(ISNUMBER(MATCH(A91, TABLEAU_Floristique!B$1:DC$1, 0)), "OUI","NON") -> OUI | AB91: 0.99887 | AC91: 0.98727 | AE91: 0.0080298554 | AF91: 227.46074 | AG91: 67.708153 | AH91: 3551.4993 | AI91: 235.24835 | AJ91: 0.99426 | AK91: 1391.8983 | AN91: 712 | AO91: 0 | AP91: 160 | AQ91: 2616 | AR91: 531 | AS91: 61 | AT91: -6 | AU91: 29 | AV91: 0.12987 | AW91: 1 | AX91: 3.33766 | AY91: BORALDES | AZ91: PLATEAU | BA91: 400.72366
A92: F84 | C92: Simon Chollet, Vincent Yung | D92: 701371.19 | E92: 6387730.9 | F92: 2 | G92: 204.14554 | H92: 1322 | I92: 7 | K92: T | L92: 4 | M92: 3 | N92: 3 | O92: 1 | P92: 0 | Q92: 0 | R92: 0 | S92: 0 | T92: 0 | U92: Nord | V92: Sud | W92: Est | X92: HET | Y92: HET | Z92: =IF(ISNUMBER(MATCH(A92, TABLEAU_Floristique!B$1:DC$1, 0)), "OUI","NON") -> OUI | AB92: 0.9773 | AC92: 0.93355 | AD92: 0.0042998994 | AE92: 0.041510979 | AF92: 98.404381 | AG92: 235.48969 | AH92: 4431.962 | AI92: 530.92674 | AJ92: 0.81803 | AK92: 220.72364 | AL92: 484.87305 | AM92: 3543.8101 | AN92: 716 | AO92: 0 | AP92: 142 | AQ92: 2587 | AR92: 729 | AS92: 55 | AT92: -2 | AU92: 25 | AV92: 0.64295 | AW92: 0.8144 | AX92: 2.20746 | AY92: BORALDES | AZ92: PLATEAU | BA92: 216.8454
A93: F85 | C93: Simon Chollet, Vincent Yung | D93: 701574.28 | E93: 6387507 | F93: 1 | G93: 213.69006 | H93: 1286 | I93: 5 | K93: FI | L93: 5 | M93: 2 | N93: 4 | O93: 0 | P93: 0 | Q93: 0 | R93: 1 | S93: 0 | T93: 0 | U93: Nord | V93: Sud | W93: Est | X93: HET | Y93: HET | Z93: =IF(ISNUMBER(MATCH(A93, TABLEAU_Floristique!B$1:DC$1, 0)), "OUI","NON") -> OUI | AB93: 0.8958 | AC93: 0.89547 | AD93: 0.03993008 | AE93: 0.066508121 | AF93: 28.741846 | AG93: 121.17948 | AH93: 4730.8559 | AI93: 401.17312 | AJ93: 0.77393 | AK93: 101.84424 | AL93: 2757.6738 | AM93: 6023.8497 | AN93: 715 | AO93: 0 | AP93: 144 | AQ93: 2587 | AR93: 789 | AS93: 58 | AT93: -3 | AU93: 26 | AV93: 0.64295 | AW93: 0.8144 | AX93: 2.20746 | AY93: BORALDES | AZ93: PLATEAU | BA93: 103.49108
A94: F86 | C94: Simon Chollet, Vincent Yung | D94: 700231.32 | E94: 6387457.6 | F94: 5 | G94: 207.07208 | H94: 1155 | I94: 7 | K94: FI | L94: 4 | M94: 1 | N94: 2 | O94: 6 | P94: 0 | Q94: 0 | R94: 2 | S94: 0 | T94: 0 | U94: Nord | V94: Sud | W94: Est | X94: HET | Y94: HET | Z94: =IF(ISNUMBER(MATCH(A94, TABLEAU_Floristique!B$1:DC$1, 0)), "OUI","NON") -> OUI | AB94: 0.98481 | AC94: 0.97246 | AE94: 0.0026276488 | AF94: 43.752891 | AG94: 108.14974 | AH94: 4080.7109 | AI94: 157.23391 | AJ94: 1 | AK94: 811.55654 | AN94: 716 | AO94: 0 | AP94: 150 | AQ94: 2616 | AR94: 577 | AS94: 67 | AT94: -8 | AU94: 29 | AV94: 0.12987 | AW94: 1 | AX94: 3.33766 | AY94: BORALDES | AZ94: PLATEAU | BA94: 452.55137
A95: F87 | C95: Simon Chollet, Vincent Yung | D95: 699331.52 | E95: 6388115.9 | F95: 1 | G95: 233.42697 | H95: 1235 | I95: 5 | K95: FI | L95: 4 | M95: + | N95: 1 | O95: 0 | P95: 0 | Q95: 0 | R95: 1 | S95: 0 | T95: 0 | U95: Nord | V95: Sud | W95: Est | X95: HET | Y95: HET | Z95: =IF(ISNUMBER(MATCH(A95, TABLEAU_Floristique!B$1:DC$1, 0)), "OUI","NON") -> OUI | AB95: 1 | AC95: 1 | AE95: 0.0046262367 | AF95: 764.7818 | AG95: 208.41159 | AH95: 2971.7942 | AI95: 305.06039 | AJ95: 0.85529 | AK95: 1493.2297 | AN95: 712 | AO95: 0 | AP95: 160 | AQ95: 2627 | AR95: 531 | AS95: 61 | AT95: -6 | AU95: 29 | AV95: 0.12987 | AW95: 1 | AX95: 3.33766 | AY95: BORALDES | AZ95: PLATEAU | BA95: 387.71433
A96: F88 | B96: 46190 | C96: Gabin Laville | D96: 696300.92 | E96: 6391398 | F96: 1 | G96: 321.34021 | H96: 1215 | I96: 8 | J96: 11 | K96: T | L96: 5 | M96: 5 | N96: + | O96: 1 | P96: 0 | Q96: 0 | R96: 0 | S96: 0 | T96: 0 | U96: Ouest | V96: Sud | W96: Est | X96: HET | Y96: HET | Z96: =IF(ISNUMBER(MATCH(A96, TABLEAU_Floristique!B$1:DC$1, 0)), "OUI","NON") -> OUI | AB96: 0.88771 | AC96: 0.68514 | AD96: 0.11663889 | AE96: 0.32002705 | AF96: 281.01039 | AG96: 110.90901 | AH96: 1257.5296 | AI96: 326.04686 | AJ96: 0.12239 | AK96: 1234.9453 | AN96: 737 | AO96: 0 | AP96: 151 | AQ96: 2677 | AR96: 802 | AS96: 60 | AT96: -1 | AU96: 28 | AV96: 0.12987 | AW96: 1 | AX96: 3.33766 | AY96: BORALDES | AZ96: PLATEAU | BA96: 166.08865
A97: F89 | B97: 46190 | C97: Gabin Laville | D97: 695817.81 | E97: 6391645.1 | F97: 2 | G97: 328.39249 | H97: 1158 | I97: 5 | J97: 32 | K97: MTF | L97: 4 | M97: 5 | N97: + | O97: 0 | P97: 0 | Q97: 0 | R97: 0 | S97: 0 | T97: 0 | U97: Nord | V97: Sud | W97: Est | X97: MIX | Y97: HET | Z97: =IF(ISNUMBER(MATCH(A97, TABLEAU_Floristique!B$1:DC$1, 0)), "OUI","NON") -> OUI | AB97: 1 | AC97: 0.953 | AE97: 0.056674467 | AF97: 467.71513 | AG97: 74.155229 | AH97: 1796.6974 | AI97: 176.87028 | AJ97: 0.45108 | AK97: 1325.0931 | AN97: 729 | AO97: 0 | AP97: 165 | AQ97: 2677 | AR97: 816 | AS97: 70 | AT97: -10 | AU97: 31 | AV97: 0.12987 | AW97: 1 | AX97: 3.33766 | AY97: BORALDES | AZ97: PLATEAU | BA97: 326.31401
A98: F9 | B98: 46120 | C98: Gabin Laville | D98: 694481.38 | E98: 6390893.3 | F98: 4 | G98: 321.4588 | H98: 1120 | I98: 5 | K98: FR | L98: 5 | M98: 2 | N98: 2 | O98: 2 | P98: 0 | Q98: 0 | R98: 0 | S98: 0 | T98: 0 | U98: Nord | V98: Sud | W98: Est | X98: HET | Y98: HET | Z98: =IF(ISNUMBER(MATCH(A98, TABLEAU_Floristique!B$1:DC$1, 0)), "OUI","NON") -> OUI | AB98: 0.94725 | AC98: 0.7444 | AD98: 0.059748821 | AE98: 0.27719365 | AF98: 1050.3442 | AG98: 788.84894 | AH98: 2206.1704 | AI98: 267.54535 | AJ98: 0.25785 | AK98: 400.03193 | AM98: 187.47152 | AN98: 738 | AO98: 0 | AP98: 164 | AQ98: 2724 | AR98: 724 | AS98: 70 | AT98: -4 | AU98: 32 | AV98: 0.12987 | AW98: 1 | AX98: 3.33766 | AY98: BORALDES | AZ98: PLATEAU | BA98: 167.30435
A99: F90 | B99: 46190 | C99: Gabin Laville | D99: 696417.2 | E99: 6391848.7 | F99: 2 | G99: 172.18471 | H99: 1172 | I99: 4 | J99: 18 | K99: FI | L99: 5 | M99: 5 | N99: 2 | O99: 0 | P99: 0 | Q99: 0 | R99: 0 | S99: 0 | T99: 0 | U99: Nord | V99: Sud | W99: Est | X99: HET | Y99: HET | Z99: =IF(ISNUMBER(MATCH(A99, TABLEAU_Floristique!B$1:DC$1, 0)), "OUI","NON") -> OUI | AB99: 1 | AC99: 0.99993 | AD99: 0.038682318 | AE99: 0.012281848 | AF99: 742.59916 | AG99: 39.221635 | AH99: 1415.0327 | AI99: 79.294068 | AJ99: 0.59256 | AK99: 1654.9452 | AN99: 734 | AO99: 0 | AP99: 151 | AQ99: 2677 | AR99: 876 | AS99: 68 | AT99: -9 | AU99: 28 | AV99: 1.13314 | AW99: 0.7409 | AX99: 2.39704 | AY99: BORALDES | AZ99: PLATEAU | BA99: 92.404344
A100: F91 | B100: 46189 | C100: Gabin Laville | D100: 695097.35 | E100: 6394509.4 | F100: 2 | G100: 246.80141 | H100: 1285 | I100: 5 | J100: 23 | K100: FI | L100: 5 | M100: 4 | N100: + | O100: 1 | P100: 0 | Q100: 0 | R100: 0 | S100: 0 | T100: 1 | U100: Nord | V100: Sud | W100: Est | X100: MIX | Y100: HET | Z100: =IF(ISNUMBER(MATCH(A100, TABLEAU_Floristique!B$1:DC$1, 0)), "OUI","NON") -> OUI | AB100: 0.91084 | AC100: 0.90919 | AD100: 0.050938868 | AE100: 0.082252098 | AF100: 105.4038 | AG100: 121.58431 | AH100: 3871.6591 | AI100: 295.68436 | AJ100: 0.89712 | AK100: 1294.4717 | AN100: 743 | AO100: 0 | AP100: 156 | AQ100: 2685 | AR100: 741 | AS100: 69 | AT100: -10 | AU100: 29 | AV100: 0.30278 | AW100: 0.16515 | AX100: 0.68814 | AY100: BORALDES | AZ100: PLATEAU | BA100: 136.63572
...

Sheet SAISIE_Abroutissement
A1: Placette | B1: Sous-placette | C1: Espèce | D1: Taux de recouvrement | E1: Taux d'abroutissement
A2: F4 | B2: F4_1 | C2: Fraxinus excelsior | D2: 2 | E2: A
A3: F4 | B3: F4_1 | C3: Fagus sylvatica | D3: 4 | E3: O
A4: F4 | B4: F4_1 | C4: Ribes alpinum | D4: 4 | E4: O
A5: F4 | B5: F4_1 | C5: Ilex aquifolium | D5: 3 | E5: O
A6: F4 | B6: F4_1 | C6: Rosa sp.. | D6: 1 | E6: O
A7: F4 | B7: F4_2 | C7: Fraxinus excelsior | D7: 4 | E7: A
A8: F4 | B8: F4_2 | C8: Rubus fruticosus | D8: 5 | E8: O
A9: F4 | B9: F4_2 | C9: Lonicera periclymenum | D9: 2 | E9: A
A10: F4 | B10: F4_2 | C10: Fagus sylvatica | D10: 2 | E10: O
A11: F4 | B11: F4_2 | C11: Quercus petraea | D11: 3 | E11: O
A12: F4 | B12: F4_3 | C12: Fagus sylvatica | D12: 4 | E12: A
A13: F4 | B13: F4_3 | C13: Lonicera periclymenum | D13: 3 | E13: A
... A966: F67 | B966: F67_3 | C966: Fagus sylvatica | D966: 3 | E966: C

Sheet TABLEAU_Floristique
B1: F101 | C1: F100 | D1: F99 | E1: F98 | F1: F102 | G1: F103 | H1: F74 | I1: F81 | J1: F75 | K1: F44 | L1: F45 | M1: F96 | N1: F93 | O1: F94 | P1: F92 | Q1: F26bis | R1: F24 | S1: F22bis | T1: F22 | U1: F25 | V1: F32 | W1: F33 | X1: F35 | Y1: F86 | Z1: F83 | AA1: F87 | AB1: F85 | AC1: F95 | AD1: F60 | AE1: F61 | AF1: F50 | AG1: F20 | AH1: F23 | AI1: F17 | AJ1: F11 | AK1: F14 | AL1: F13 | AM1: F12 | AN1: F80 | AO1: F76 | AP1: F73 | AQ1: F84 | AR1: F37 | AS1: F34 | AT1: F105 | AU1: F18 | AV1: F10 | AW1: F2 | AX1: F3 | AY1: F1 | AZ1: F21 | BA1: F27 | BB1: F29 | BC1: F28 | BD1: F52 | BE1: F49 | BF1: F51 | BG1: F54 | BH1: F53 | BI1: F39 | BJ1: F38 | BK1: F56 | BL1: F31 | BM1: F30 | BN1: F43 | BO1: F63 | BP1: F48 | BQ1: F62 | BR1: F69 | BS1: F59 | BT1: F57 | BU1: F58 | BV1: F79 | BW1: F78 | BX1: F5 | BY1: F6 | BZ1: F66 | CA1: F67 | CB1: F91 | CC1: F77 | CD1: F88 | CE1: F89 | CF1: F90 | CG1: F106 | CH1: F8 | CI1: F9 | CJ1: F40 | CK1: F36 | CL1: F36bis | CM1: F71 | CN1: F72 | CO1: F82 | CP1: F19 | CQ1: F4 | CR1: F7 | CS1: F55 | CT1: F97 | CU1: F46 | CV1: F47 | CW1: F64 | CX1: F42 | CY1: F41 | CZ1: F104 | DA1: F107bis | DB1: F15 | DC1: F16
A2: Abies alba A | B2: 0 | C2: 0 | D2: 0 | E2: 0 | F2: 0 | G2: 0 | H2: 0 | I2: 0 | J2: 0 | K2: 0 | L2: 0 | M2: 0 | N2: 0 | O2: 0 | P2: 0 | Q2: 0 | R2: 0 | S2: 0 | T2: 0 | U2: 0 | V2: 0 | W2: 0 | X2: 0 | Y2: 2 | Z2: 4 | AA2: 2 | AB2: 0 | AC2: 0 | AD2: 0 | AE2: 0 | AF2: 0 | AG2: 0 | AH2: 0 | AI2: 0 | AJ2: 0 | AK2: 0 | AL2: 0 | AM2: 0 | AN2: 0 | AO2: 0 | AP2: 0 | AQ2: 0 | AR2: 0 | AS2: 0 | AT2: 0 | AU2: 2 | AV2: 0 | AW2: 4 | AX2: 0 | AY2: 0 | AZ2: 0 | BA2: 0 | BB2: 0 | BC2: 0 | BD2: 0 | BE2: 0 | BF2: 0 | BG2: 0 | BH2: 0 | BI2: 0 | BJ2: 0 | BK2: 3 | BL2: 0 | BM2: 0 | BN2: 0 | BO2: 0 | BP2: 0 | BQ2: 0 | BR2: 0 | BS2: 0 | BT2: 0 | BU2: 0 | BV2: 0 | BW2: 0 | BX2: 2 | BY2: 4 | BZ2: 0 | CA2: 0 | CB2: 3 | CC2: 0 | CD2: 2 | CE2: 4 | CF2: 0 | CG2: 3 | CH2: 0 | CI2: 0 | CJ2: 0 | CK2: 0 | CL2: 0 | CM2: 0 | CN2: 0 | CO2: 0 | CP2: 0 | CQ2: 0 | CR2: 0 | CS2: 0 | CT2: 0 | CU2: 0 | CV2: 0 | CW2: 0 | CX2: 0 | CY2: 0 | CZ2: 0 | DA2: 0 | DB2: 0 | DC2: 0
A3: Abies alba a | B3: 0 | C3: 0 | D3: 3 | E3: 0 | F3: 0 | G3: 0 | H3: 1 | I3: 0 | J3: 0 | K3: 0 | L3: 0 | M3: 0 | N3: 0 | O3: 0 | P3: 0 | Q3: 0 | R3: 0 | S3: 0 | T3: 0 | U3: 0 | V3: 0 | W3: 0 | X3: 0 | Y3: 0 | Z3: 0 | AA3: 0 | AB3: 0 | AC3: 0 | AD3: 0 | AE3: 0 | AF3: 0 | AG3: 0 | AH3: 0 | AI3: 0 | AJ3: 0 | AK3: 0 | AL3: 0 | AM3: 0 | AN3: 1 | AO3: 0 | AP3: 0 | AQ3: 0 | AR3: 0 | AS3: 0 | AT3: 0 | AU3: 2 | AV3: 0 | AW3: 3 | AX3: 0 | AY3: 0 | AZ3: 0 | BA3: 0 | BB3: 0 | BC3: 0 | BD3: 0 | BE3: 0 | BF3: 0 | BG3: 0 | BH3: 0 | BI3: 0 | BJ3: 0 | BK3: 2 | BL3: 0 | BM3: 0 | BN3: 0 | BO3: 0 | BP3: 0 | BQ3: 0 | BR3: 0 | BS3: 0 | BT3: 0 | BU3: 0 | BV3: 0 | BW3: 0 | BX3: 2 | BY3: 3 | BZ3: 0 | CA3: 0 | CB3: 2 | CC3: 0 | CD3: 2 | CE3: 2 | CF3: 0 | CG3: 2 | CH3: 1 | CI3: 0 | CJ3: 0 | CK3: 0 | CL3: 0 | CM3: 0 | CN3: 0 | CO3: 0 | CP3: 0 | CQ3: 0 | CR3: 0 | CS3: 2 | CT3: 0 | CU3: 0 | CV3: 0 | CW3: 0 | CX3: 0 | CY3: 0 | CZ3: 0 | DA3: 0 | DB3: 0 | DC3: 0
A4: Abies alba h | B4: 0.5 | C4: 0 | D4: 1 | E4: 0 | F4: 0 | G4: 0 | H4: 0 | I4: 0 | J4: 0 | K4: 0 | L4: 0 | M4: 0 | N4: 0 | O4: 0 | P4: 0 | Q4: 0 | R4: 0 | S4: 0 | T4: 0 | U4: 0 | V4: 0 | W4: 0.5 | X4: 0 | Y4: 0 | Z4: 0.5 | AA4: 0.5 | AB4: 0 | AC4: 0 | AD4: 0 | AE4: 0 | AF4: 0 | AG4: 0 | AH4: 0 | AI4: 0 | AJ4: 0 | AK4: 0 | AL4: 0 | AM4: 0 | AN4: 0 | AO4: 0 | AP4: 0 | AQ4: 0 | AR4: 0 | AS4: 0 | AT4: 0 | AU4: 0.5 | AV4: 0 | AW4: 0.5 | AX4: 0 | AY4: 0 | AZ4: 0 | BA4: 0 | BB4: 0 | BC4: 0 | BD4: 0 | BE4: 0 | BF4: 0 | BG4: 0 | BH4: 0 | BI4: 0 | BJ4: 0 | BK4: 3 | BL4: 0 | BM4: 0 | BN4: 0 | BO4: 1 | BP4: 0 | BQ4: 0 | BR4: 0 | BS4: 0 | BT4: 0 | BU4: 0 | BV4: 0 | BW4: 0 | BX4: 0.5 | BY4: 1 | BZ4: 0 | CA4: 0 | CB4: 0 | CC4: 0 | CD4: 0.5 | CE4: 0.5 | CF4: 0 | CG4: 0.5 | CH4: 1 | CI4: 0 | CJ4: 0 | CK4: 0 | CL4: 0 | CM4: 0 | CN4: 0 | CO4: 0 | CP4: 0 | CQ4: 0 | CR4: 0 | CS4: 1 | CT4: 0 | CU4: 0.5 | CV4: 0 | CW4: 0 | CX4: 0 | CY4: 0 | CZ4: 0 | DA4: 0 | DB4: 0 | DC4: 0
A5: Acer campestre A | B5: 0 | C5: 0 | D5: 0 | E5: 0 | F5: 0 | G5: 0 | H5: 0 | I5: 0 | J5: 0 | K5: 0 | L5: 0 | M5: 0 | N5: 0 | O5: 0 | P5: 0 | Q5: 0 | R5: 0 | S5: 0 | T5: 0 | U5: 0 | V5: 0 | W5: 0 | X5: 0 | Y5: 0 | Z5: 0 | AA5: 0 | AB5: 0 | AC5: 0 | AD5: 0 | AE5: 0 | AF5: 0 | AG5: 0 | AH5: 0 | AI5: 0 | AJ5: 0 | AK5: 0 | AL5: 0 | AM5: 0 | AN5: 0 | AO5: 0 | AP5: 0 | AQ5: 0 | AR5: 0 | AS5: 0 | AT5: 0 | AU5: 0 | AV5: 0 | AW5: 0 | AX5: 0 | AY5: 0 | AZ5: 0 | BA5: 0 | BB5: 0 | BC5: 0 | BD5: 0 | BE5: 0 | BF5: 0 | BG5: 0 | BH5: 0 | BI5: 0 | BJ5: 0 | BK5: 0 | BL5: 0 | BM5: 0 | BN5: 0 | BO5: 0 | BP5: 0 | BQ5: 0 | BR5: 0 | BS5: 0 | BT5: 0 | BU5: 0 | BV5: 0 | BW5: 0 | BX5: 0 | BY5: 0 | BZ5: 0 | CA5: 0 | CB5: 0 | CC5: 0 | CD5: 0 | CE5: 0 | CF5: 0 | CG5: 0 | CH5: 0 | CI5: 0 | CJ5: 0 | CK5: 0 | CL5: 0 | CM5: 0 | CN5: 0 | CO5: 0 | CP5: 0 | CQ5: 0 | CR5: 0 | CS5: 0 | CT5: 0 | CU5: 0 | CV5: 0 | CW5: 0 | CX5: 0 | CY5: 0 | CZ5: 0 | DA5: 0 | DB5: 0 | DC5: 0
A6: Acer campestre a | B6: 0 | C6: 0 | D6: 0 | E6: 0 | F6: 0 | G6: 0 | H6: 0 | I6: 0 | J6: 0 | K6: 0 | L6: 0 | M6: 0 | N6: 0 | O6: 0 | P6: 0 | Q6: 0 | R6: 0 | S6: 0 | T6: 0 | U6: 0 | V6: 0 | W6: 0 | X6: 0 | Y6: 0 | Z6: 0 | AA6: 0 | AB6: 0 | AC6: 0 | AD6: 0 | AE6: 0 | AF6: 0 | AG6: 0 | AH6: 0 | AI6: 0 | AJ6: 0 | AK6: 0 | AL6: 0 | AM6: 0 | AN6: 0 | AO6: 0 | AP6: 0 | AQ6: 0 | AR6: 0 | AS6: 1 | AT6: 0 | AU6: 0 | AV6: 0 | AW6: 0 | AX6: 0 | AY6: 0 | AZ6: 0 | BA6: 0 | BB6: 0 | BC6: 0 | BD6: 0 | BE6: 0 | BF6: 0 | BG6: 0 | BH6: 0 | BI6: 0 | BJ6: 0 | BK6: 0 | BL6: 0 | BM6: 0 | BN6: 0 | BO6: 0 | BP6: 0 | BQ6: 0 | BR6: 0 | BS6: 0 | BT6: 0 | BU6: 0 | BV6: 0 | BW6: 0 | BX6: 0 | BY6: 0 | BZ6: 0 | CA6: 0 | CB6: 0 | CC6: 0 | CD6: 0 | CE6: 0 | CF6: 0 | CG6: 0 | CH6: 0 | CI6: 0 | CJ6: 0 | CK6: 0 | CL6: 0 | CM6: 0 | CN6: 0 | CO6: 0 | CP6: 0 | CQ6: 0 | CR6: 0 | CS6: 0 | CT6: 0 | CU6: 0 | CV6: 0 | CW6: 0 | CX6: 0 | CY6: 0 | CZ6: 0 | DA6: 0 | DB6: 0 | DC6: 0
A7: Acer campestre h | B7: 0 | C7: 0 | D7: 0 | E7: 0 | F7: 0 | G7: 0 | H7: 0 | I7: 0 | J7: 0 | K7: 0 | L7: 0 | M7: 0 | N7: 0 | O7: 0 | P7: 0 | Q7: 0 | R7: 0 | S7: 0 | T7: 0 | U7: 0 | V7: 0.5 | W7: 0 | X7: 0 | Y7: 0 | Z7: 0 | AA7: 0 | AB7: 0 | AC7: 0 | AD7: 0 | AE7: 0 | AF7: 0 | AG7: 0 | AH7: 0 | AI7: 0 | AJ7: 0 | AK7: 0 | AL7: 0 | AM7: 0 | AN7: 0 | AO7: 0 | AP7: 0 | AQ7: 0 | AR7: 0.5 | AS7: 0.5 | AT7: 0.5 | AU7: 0 | AV7: 0 | AW7: 0 | AX7: 0 | AY7: 0 | AZ7: 0 | BA7: 0 | BB7: 0 | BC7: 0 | BD7: 0 | BE7: 0 | BF7: 0 | BG7: 0 | BH7: 0 | BI7: 0 | BJ7: 0 | BK7: 0 | BL7: 0 | BM7: 0 | BN7: 0 | BO7: 0 | BP7: 0 | BQ7: 0 | BR7: 0 | BS7: 0 | BT7: 0 | BU7: 0 | BV7: 0 | BW7: 0 | BX7: 0 | BY7: 0 | BZ7: 0 | CA7: 0 | CB7: 0 | CC7: 0 | CD7: 0 | CE7: 0 | CF7: 0 | CG7: 0 | CH7: 0 | CI7: 0 | CJ7: 0 | CK7: 0 | CL7: 0 | CM7: 0 | CN7: 0 | CO7: 0 | CP7: 0 | CQ7: 0 | CR7: 0 | CS7: 0 | CT7: 0 | CU7: 0.5 | CV7: 0 | CW7: 0 | CX7: 0 | CY7: 0 | CZ7: 0 | DA7: 0 | DB7: 0 | DC7: 0
A8: Acer platanoides A | B8: 0 | C8: 0 | D8: 0 | E8: 0 | F8: 0 | G8: 0 | H8: 0 | I8: 0 | J8: 0 | K8: 0 | L8: 0 | M8: 0 | N8: 0 | O8: 0 | P8: 0 | Q8: 0 | R8: 0 | S8: 0 | T8: 0 | U8: 0 | V8: 0 | W8: 0 | X8: 0 | Y8: 0 | Z8: 0 | AA8: 0 | AB8: 0 | AC8: 0 | AD8: 0 | AE8: 0 | AF8: 0 | AG8: 0 | AH8: 0 | AI8: 0 | AJ8: 0 | AK8: 0 | AL8: 0 | AM8: 0 | AN8: 0 | AO8: 0 | AP8: 0 | AQ8: 0 | AR8: 0 | AS8: 0 | AT8: 0 | AU8: 0 | AV8: 0 | AW8: 0 | AX8: 0 | AY8: 0 | AZ8: 0 | BA8: 0 | BB8: 0 | BC8: 0 | BD8: 0 | BE8: 0 | BF8: 0 | BG8: 0 | BH8: 0 | BI8: 0 | BJ8: 0 | BK8: 0 | BL8: 0 | BM8: 0 | BN8: 0 | BO8: 0 | BP8: 0 | BQ8: 0 | BR8: 0 | BS8: 0 | BT8: 0 | BU8: 0 | BV8: 0 | BW8: 0 | BX8: 0 | BY8: 0 | BZ8: 0 | CA8: 0 | CB8: 0 | CC8: 0 | CD8: 0 | CE8: 0 | CF8: 0 | CG8: 0 | CH8: 3 | CI8: 0 | CJ8: 0 | CK8: 0 | CL8: 0 | CM8: 0 | CN8: 0 | CO8: 0 | CP8: 0 | CQ8: 0 | CR8: 0 | CS8: 0 | CT8: 0 | CU8: 0 | CV8: 0 | CW8: 0 | CX8: 0 | CY8: 0 | CZ8: 0 | DA8: 0 | DB8: 0 | DC8: 0
A9: Acer platanoides a | B9: 0 | C9: 0 | D9: 0 | E9: 0 | F9: 0 | G9: 0 | H9: 0 | I9: 0 | J9: 0 | K9: 0 | L9: 0 | M9: 0 | N9: 0 | O9: 0 | P9: 0 | Q9: 0 | R9: 0 | S9: 0 | T9: 0 | U9: 0 | V9: 0 | W9: 0 | X9: 0 | Y9: 0 | Z9: 0 | AA9: 0 | AB9: 0 | AC9: 0 | AD9: 0 | AE9: 0 | AF9: 0 | AG9: 0 | AH9: 0 | AI9: 0 | AJ9: 0 | AK9: 0 | AL9: 0 | AM9: 0 | AN9: 0 | AO9: 0 | AP9: 0 | AQ9: 0 | AR9: 0 | AS9: 0 | AT9: 0 | AU9: 0 | AV9: 0 | AW9: 0 | AX9: 0 | AY9: 0 | AZ9: 0 | BA9: 0 | BB9: 0 | BC9: 0 | BD9: 0 | BE9: 0 | BF9: 0 | BG9: 0 | BH9: 0 | BI9: 0 | BJ9: 0 | BK9: 0 | BL9: 0 | BM9: 0 | BN9: 0 | BO9: 0 | BP9: 0 | BQ9: 0 | BR9: 0 | BS9: 0 | BT9: 0 | BU9: 0 | BV9: 0 | BW9: 0 | BX9: 0 | BY9: 0 | BZ9: 0 | CA9: 0 | CB9: 0 | CC9: 0 | CD9: 0 | CE9: 0 | CF9: 0 | CG9: 0 | CH9: 2 | CI9: 0 | CJ9: 0 | CK9: 0 | CL9: 0 | CM9: 0 | CN9: 0 | CO9: 0 | CP9: 0 | CQ9: 0 | CR9: 0 | CS9: 0 | CT9: 0 | CU9: 0 | CV9: 0 | CW9: 0 | CX9: 0 | CY9: 0 | CZ9: 0 | DA9: 0 | DB9: 0 | DC9: 0
A10: Acer platanoides h | B10: 0 | C10: 0 | D10: 0 | E10: 0 | F10: 0 | G10: 0 | H10: 0 | I10: 0 | J10: 0 | K10: 0 | L10: 0 | M10: 0 | N10: 0 | O10: 0 | P10: 0 | Q10: 0 | R10: 0 | S10: 0 | T10: 0 | U10: 0 | V10: 0 | W10: 0 | X10: 0 | Y10: 0 | Z10: 0 | AA10: 0 | AB10: 0 | AC10: 0 | AD10: 0 | AE10: 0 | AF10: 0 | AG10: 0 | AH10: 0 | AI10: 0 | AJ10: 0 | AK10: 0 | AL10: 1 | AM10: 1 | AN10: 0 | AO10: 0 | AP10: 0 | AQ10: 0 | AR10: 0 | AS10: 0 | AT10: 0 | AU10: 0 | AV10: 0 | AW10: 0 | AX10: 0 | AY10: 0 | AZ10: 0 | BA10: 0 | BB10: 0 | BC10: 0 | BD10: 0 | BE10: 0 | BF10: 0 | BG10: 0 | BH10: 0 | BI10: 0 | BJ10: 0 | BK10: 0 | BL10: 0 | BM10: 0 | BN10: 0 | BO10: 0 | BP10: 0 | BQ10: 0 | BR10: 0 | BS10: 0 | BT10: 0 | BU10: 0 | BV10: 0 | BW10: 0 | BX10: 0 | BY10: 0 | BZ10: 0 | CA10: 0 | CB10: 0 | CC10: 0 | CD10: 0 | CE10: 0 | CF10: 0 | CG10: 0 | CH10: 0.5 | CI10: 0 | CJ10: 0 | CK10: 0 | CL10: 0.5 | CM10: 0 | CN10: 0 | CO10: 0 | CP10: 0 | CQ10: 0 | CR10: 0 | CS10: 0 | CT10: 0 | CU10: 0 | CV10: 0 | CW10: 0 | CX10: 0 | CY10: 0 | CZ10: 0 | DA10: 0 | DB10: 0 | DC10: 0
A11: Acer pseudoplatanus A | B11: 0 | C11: 0 | D11: 0 | E11: 0 | F11: 0 | G11: 0 | H11: 0 | I11: 0 | J11: 0 | K11: 0 | L11: 0 | M11: 0 | N11: 0 | O11: 0 | P11: 0 | Q11: 0 | R11: 0 | S11: 0 | T11: 0 | U11: 0 | V11: 0 | W11: 0 | X11: 0 | Y11: 0 | Z11: 0 | AA11: 0 | AB11: 0 | AC11: 0 | AD11: 0 | AE11: 0 | AF11: 0 | AG11: 0 | AH11: 0 | AI11: 0 | AJ11: 0 | AK11: 0 | AL11: 2 | AM11: 3 | AN11: 0 | AO11: 0 | AP11: 0 | AQ11: 0 | AR11: 0 | AS11: 0 | AT11: 0 | AU11: 0 | AV11: 0 | AW11: 0 | AX11: 0 | AY11: 0 | AZ11: 0 | BA11: 0 | BB11: 0 | BC11: 0 | BD11: 0 | BE11: 0 | BF11: 0 | BG11: 0 | BH11: 0 | BI11: 0 | BJ11: 0 | BK11: 0 | BL11: 0 | BM11: 0 | BN11: 0 | BO11: 0 | BP11: 0 | BQ11: 0 | BR11: 0 | BS11: 0 | BT11: 0 | BU11: 0 | BV11: 0 | BW11: 0 | BX11: 0 | BY11: 0 | BZ11: 0 | CA11: 0 | CB11: 0 | CC11: 0 | CD11: 0 | CE11: 0 | CF11: 0 | CG11: 0 | CH11: 0 | CI11: 0 | CJ11: 0 | CK11: 0 | CL11: 0 | CM11: 0 | CN11: 0 | CO11: 0 | CP11: 0 | CQ11: 0 | CR11: 0 | CS11: 0 | CT11: 0 | CU11: 0 | CV11: 0 | CW11: 0 | CX11: 0 | CY11: 0 | CZ11: 0 | DA11: 0 | DB11: 0 | DC11: 0
A12: Acer pseudoplatanus a | B12: 1 | C12: 0 | D12: 0 | E12: 0 | F12: 0 | G12: 0 | H12: 0 | I12: 0 | J12: 0 | K12: 0 | L12: 0 | M12: 0 | N12: 0 | O12: 0 | P12: 0 | Q12: 0 | R12: 0 | S12: 0 | T12: 0 | U12: 0 | V12: 0 | W12: 0 | X12: 0 | Y12: 0 | Z12: 0 | AA12: 0 | AB12: 0 | AC12: 0 | AD12: 0 | AE12: 0 | AF12: 0 | AG12: 0 | AH12: 0 | AI12: 0 | AJ12: 0 | AK12: 0 | AL12: 0 | AM12: 0 | AN12: 0 | AO12: 0 | AP12: 0 | AQ12: 0 | AR12: 0 | AS12: 0 | AT12: 0 | AU12: 0 | AV12: 0 | AW12: 0 | AX12: 0 | AY12: 0 | AZ12: 0 | BA12: 0 | BB12: 0 | BC12: 0 | BD12: 0 | BE12: 0 | BF12: 0 | BG12: 0 | BH12: 0 | BI12: 0 | BJ12: 0 | BK12: 0 | BL12: 0 | BM12: 0 | BN12: 0 | BO12: 0 | BP12: 0 | BQ12: 0 | BR12: 1 | BS12: 0 | BT12: 0 | BU12: 0 | BV12: 0 | BW12: 0 | BX12: 0 | BY12: 0 | BZ12: 0 | CA12: 0 | CB12: 0 | CC12: 0 | CD12: 0 | CE12: 0 | CF12: 0 | CG12: 0 | CH12: 0 | CI12: 0 | CJ12: 0 | CK12: 0 | CL12: 0 | CM12: 0 | CN12: 1 | CO12: 0 | CP12: 0 | CQ12: 0 | CR12: 0 | CS12: 0 | CT12: 0 | CU12: 0 | CV12: 0 | CW12: 0 | CX12: 0 | CY12: 0 | CZ12: 0 | DA12: 0 | DB12: 0 | DC12: 0
A13: Acer pseudoplatanus h | B13: 2 | C13: 0 | D13: 0 | E13: 0 | F13: 0 | G13: 0 | H13: 0 | I13: 0 | J13: 0 | K13: 0 | L13: 0 | M13: 0 | N13: 0 | O13: 0 | P13: 0 | Q13: 0 | R13: 0 | S13: 0 | T13: 0 | U13: 0 | V13: 0 | W13: 0 | X13: 0 | Y13: 0 | Z13: 0 | AA13: 0 | AB13: 0 | AC13: 0 | AD13: 0 | AE13: 0 | AF13: 0 | AG13: 0 | AH13: 0 | AI13: 0 | AJ13: 0 | AK13: 0 | AL13: 0 | AM13: 0 | AN13: 0 | AO13: 0 | AP13: 0 | AQ13: 0 | AR13: 0 | AS13: 0 | AT13: 0 | AU13: 0 | AV13: 0 | AW13: 0 | AX13: 0 | AY13: 0 | AZ13: 0 | BA13: 0 | BB13: 0 | BC13: 0 | BD13: 0 | BE13: 0 | BF13: 0 | BG13: 0 | BH13: 0 | BI13: 0 | BJ13: 0 | BK13: 0 | BL13: 0 | BM13: 0 | BN13: 0 | BO13: 0 | BP13: 0 | BQ13: 0 | BR13: 0 | BS13: 0 | BT13: 0 | BU13: 0 | BV13: 0 | BW13: 0 | BX13: 0 | BY13: 0 | BZ13: 0 | CA13: 0 | CB13: 0 | CC13: 0 | CD13: 0 | CE13: 0 | CF13: 0 | CG13: 0 | CH13: 0.5 | CI13: 0 | CJ13: 0 | CK13: 0 | CL13: 0 | CM13: 0.5 | CN13: 0 | CO13: 0 | CP13: 0 | CQ13: 0 | CR13: 0 | CS13: 0 | CT13: 0 | CU13: 0 | CV13: 0 | CW13: 0 | CX13: 0 | CY13: 0 | CZ13: 0 | DA13: 0 | DB13: 0 | DC13: 0
... A244: Viola sp | B244: 0 | C244: 0 | D244: 0 | E244: 0.5 | F244: 0 | G244: 0 | H244: 1 | I244: 0 | J244: 1 | K244: 0 | L244: 0.5 | M244: 0 | N244: 0.5 | O244: 0 | P244: 0 | Q244: 1 | R244: 0 | S244: 0.5 | T244: 1 | U244: 0.5 | V244: 0 | W244: 0.5 | X244: 0 | Y244: 0.5 | Z244: 3 | AA244: 1 | AB244: 0.5 | AC244: 0.5 | AD244: 0 | AE244: 0 | AF244: 0.5 | AG244: 0 | AH244: 0.5 | AI244: 0.5 | AJ244: 0.5 | AK244: 0 | AL244: 0 | AM244: 0 | AN244: 0.5 | AO244: 0.5 | AP244: 0 | AQ244: 0.5 | AR244: 0 | AS244: 0 | AT244: 0.5 | AU244: 0 | AV244: 0 | AW244: 0 | AX244: 0 | AY244: 0 | AZ244: 0 | BA244: 0 | BB244: 0 | BC244: 0 | BD244: 0 | BE244: 0 | BF244: 0 | BG244: 0 | BH244: 0 | BI244: 0 | BJ244: 0 | BK244: 0 | BL244: 0 | BM244: 0 | BN244: 0 | BO244: 0 | BP244: 0 | BQ244: 0 | BR244: 0 | BS244: 0 | BT244: 0 | BU244: 0 | BV244: 0.5 | BW244: 0 | BX244: 0 | BY244: 0 | BZ244: 0 | CA244: 0 | CB244: 0 | CC244: 0.5 | CD244: 0.5 | CE244: 0.5 | CF244: 0.5 | CG244: 0.5 | CH244: 0 | CI244: 0.5 | CJ244: 0 | CK244: 0.5 | CL244: 0.5 | CM244: 0 | CN244: 0 | CO244: 0 | CP244: 0 | CQ244: 0 | CR244: 0 | CS244: 0 | CT244: 0 | CU244: 0 | CV244: 0 | CW244: 0 | CX244: 0 | CY244: 0 | CZ244: 0 | DA244: 0 | DB244: 0 | DC244: 0

Sheet CALCUL_Taux
A1: Classe | B1: Taux de recouvrement | D1: Classe | E1: Taux d'abroutissement | G1: Coefficient abondance-dominance | H1: Recouvrement
A2: 1 | B2: 0 < R < 1% | D2: O | E2: 0 < A < 1% | G2: r | H2: <5%, très peu d'individus
A3: 2 | B3: 1 < R < 5% | D3: A | E3: 1 < A < 5% | G3: + | H3: <5%, peu d'individus
A4: 3 | B4: 5 < R < 20% | D4: B | E4: 5 < A < 20% | G4: 1 | H4: <5%, nombreux individus
A5: 4 | B5: 20 < R < 50% | D5: C | E5: 20 < A < 50% | G5: 2 | H5: 5 à 25%
A6: 5 | B6: 50 < R < 75% | D6: D | E6: 50 < A < 75% | G6: 3 | H6: 25 à 50%
A7: 6 | B7: 75 < R < 100% | D7: E | E7: 75 < A < 100% | G7: 4 | H7: 50 à 75%
G8: 5 | H8: 75 à 100%

Sheet CALCUL_Ligneux
A1: lib_cdref | B1: cd_ref | C1: lib_vern | D1: espar
A2: Abies alba | B2: 79319 | C2: Sapin pectiné | D2: 61
A3: Abies bornmuelleriana | B3: 79323 | C3: Sapin de Turquie | D3: 70SB
A4: Abies cephalonica | B4: 79325 | C4: Sapin de Céphalonie | D4: 70SC
A5: Abies cilicica | B5: 717025 | C5: Sapin de Cilicie | D5: 68SI
A6: Abies concolor | B6: 79327 | C6: Sapin du Colorado | D6: 68SC
A7: Abies grandis | B7: 79333 | C7: Sapin de Vancouver | D7: 72V
A8: Abies nordmanniana | B8: 79345 | C8: Sapin de Nordmann | D8: 71
A9: Abies pinsapo | B9: 79349 | C9: Sapin d'Andalousie | D9: 70SE
A10: Abies procera | B10: 79350 | C10: Sapin noble | D10: 72N
A11: Acer campestre | B11: 79734 | C11: Érable champêtre | D11: 21C
A12: Acer monspessulanum | B12: 79763 | C12: Érable de Montpellier | D12: 21M
A13: Acer negundo | B13: 79766 | C13: Érable negundo | D13: 29EN
... A27: Buxus sempervirens | B27: 87143 | C27: Buis | D27: 49BS
A28: Calluna vulgaris | B28: 96700 | C28: Callune
A29: Carpinus betulus | B29: 89200 | C29: Charme | D29: 11
A30: Castanea sativa | B30: 89304 | C30: Châtaignier | D30: 10
A31: Casuarina cunninghamiana | B31: 89308 | C31: Filao | D31: 29FI
A32: Catalpa bignonioides | B32: 89323 | C32: Catalpa | D32: 29CT
A33: Cedrus atlantica | B33: 89452 | C33: Cèdre de l'Atlas | D33: 65
A34: Cedrus deodara | B34: 89454 | C34: Cèdre de l'Himalaya | D34: 68CH
A35: Cedrus libani | B35: 89455 | C35: Cèdre du Liban | D35: 76
A36: Cedrus libani var. brevifolia | B36: 621117 | C36: Cèdre de Chypre | D36: 68CB
A37: Celtis australis | B37: 89468 | C37: Micocoulier | D37: 16
A38: Ceratonia siliqua | B38: 447038 | C38: Caroubier | D38: 29CA
A39: Cercis siliquastrum | B39: 90234 | C39: Arbre de Judée | D39: 49CS
A40: Chamaecyparis lawsoniana | B40: 90411 | C40: Cyprès de Lawson | D40: 68CL
... A44: Cornus mas | B44: 92497 | C44: Cornouiller mâle | D44: 39
A45: Cornus sanginea | B45: 92501 | C45: Cornouiller sanguin
A46: Corylus avellana | B46: 92606 | C46: Noisetier coudrier | D46: 31
A47: Crataegus azarolus | B47: 92824 | C47: Aubépine azérolier | D47: 49AA
A48: Crataegus laevigata | B48: 92864 | C48: Aubépine épineuse | D48: 49AE
A49: Crataegus monogyna | B49: 92876 | C49: Aubépine monogyne | D49: 49AM
A50: Cryptomeria japonica | B50: 93471 | C50: Cryptomère du Japon | D50: 68CJ
A51: Cupressus arizonica | B51: 93570 | C51: Cyprès de l'Arizona | D51: 68CA
A52: Cupressus macrocarpa | B52: 93585 | C52: Cyprès de Lambert | D52: 68CM
A53: Cupressus sempervirens | B53: 93590 | C53: Cyprès de Provence | D53: 66
A54: Cydonia oblonga | B54: 93734 | C54: Cognassier | D54: 49C
A55: Cytisus scoparius | B55: 124467 | C55: Genêt à balais
A56: Daphne mezereum | B56: 94435 | C56: Bois-joli
A57: Diospyros kaki | B57: 95047 | C57: Kaki | D57: 49KK
A58: Diospyros lotus | B58: 95048 | C58: Plaqueminier | D58: 29PL
A59: Elaeagnus angustifolia | B59: 95831 | C59: Olivier de Bohême | D59: 49OB
A60: Erica arborea | B60: 96659 | C60: Bruyère arborescente | D60: 49EA
A61: Erica cinerea | B61: 96667 | C61: Bruyère cendrée
A62: Eucalyptus | B62: 192361 | C62: Eucalyptus (genre) | D62: 36
A63: Euonymus europaeus | B63: 609982 | C63: Fusain d'Europe | D63: 49EV
A64: Fagus sylvatica | B64: 97947 | C64: Hêtre | D64: 9
A65: Ficus carica | B65: 98653 | C65: Figuier de Carie | D65: 23F
A66: Frangula alnus subsp. alnus | B66: 788967 | C66: Bourdaine | D66: 49BO
A67: Fraxinus americana | B67: 98909 | C67: Frêne d'Amérique | D67: 29FA
A68: Fraxinus angustifolia subsp. angustifolia | B68: 134708 | C68: Frêne oxyphylle | D68: 17O
A69: Fraxinus excelsior | B69: 98921 | C69: Frêne commun | D69: 17C
A70: Fraxinus ornus subsp. ornus | B70: 134718 | C70: Frêne à fleur | D70: 17F
A71: Hedera helix | B71: 100787 | C71: Lierre grimpant
A72: Ilex aquifolium | B72: 103514 | C72: Houx | D72: 49IA
A73: Juglans nigra | B73: 104074 | C73: Noyer noir | D73: 27N
A74: Juglans regia | B74: 104076 | C74: Noyer commun | D74: 27C
A75: Juniperus communis subsp. communis | B75: 136969 | C75: Genévrier commun | D75: 69JC
A76: Juniperus oxycedrus subsp. oxycedrus | B76: 136979 | C76: Genévrier oxycèdre | D76: 69JO
A77: Juniperus thurifera | B77: 104419 | C77: Genévrier thurifère | D77: 69
A78: Laburnum alpinum | B78: 104715 | C78: Cytise des alpes | D78: 38AL
A79: Laburnum anagyroides | B79: 104716 | C79: Cytise aubour | D79: 38AU
A80: Larix decidua subsp. decidua | B80: 137099 | C80: Mélèze d'Europe | D80: 63
A81: Larix kaempferi | B81: 105044 | C81: Mélèze du Japon | D81: 74J
A82: Larix x marschlinsii | B82: 105050 | C82: Mélèze hybride | D82: 74H
A83: Laurus nobilis | B83: 105295 | C83: Laurier noble | D83: 49LN
... A85: Liriodendron tulipifera | B85: 106365 | C85: Tulipier de Virginie | D85: 42
A86: Lonicera periclymenum | B86: 106581 | C86: Chèvrefeuille des bois
A87: Lonicera xylosteum | B87: 106595 | C87: Camérisier à balais
A88: Maclura pomifera | B88: 107130 | C88: Oranger des Osages | D88: 49OO
A89: Malus sylvestris | B89: 107217 | C89: Pommier sauvage | D89: 23PM
A90: Morus alba | B90: 108810 | C90: Mûrier blanc | D90: 49MB
A91: Morus nigra | B91: 108822 | C91: Mûrier noir | D91: 49MN
A92: Olea europaea var. sylvestris | B92: 154447 | C92: Olivier d'Europe | D92: 28
A93: Ostrya carpinifolia | B93: 111837 | C93: Charme houblon | D93: 32
A94: Paulownia tomentosa | B94: 112560 | C94: Paulownia | D94: 29PT
A95: Phillyrea angustifolia | B95: 113142 | C95: Filaire à feuilles étroites | D95: 49FA
A96: Phillyrea latifolia | B96: 113148 | C96: Filaire à feuilles larges | D96: 49FL
A97: Picea abies subsp. abies | B97: 138781 | C97: Épicéa commun | D97: 62
A98: Picea omorika | B98: 113439 | C98: Épicéa omorika | D98: 68EO
A99: Picea sitchensis | B99: 113444 | C99: Épicéa de Sitka | D99: 73
... A133: Prunus dulcis | B133: 116068 | C133: Amandier | D133: 23A
A134: Prunus laurocerasus | B134: 116089 | C134: Laurier-cerise
A135: Prunus mahaleb | B135: 116096 | C135: Cerisier de Sainte Lucie | D135: 49PM
A136: Prunus padus var. padus | B136: 139444 | C136: Cerisier à grappes | D136: 22G
A137: Prunus serotina | B137: 116137 | C137: Cerisier tardif | D137: 22S
A138: Prunus spinosa | B138: 116142 | C138: Prunelier | D138: 49PS
A139: Pseudotsuga menziesii | B139: 116216 | C139: Douglas | D139: 64
A140: Pyrus communis subsp. pyraster | B140: 139545 | C140: Poirier commun | D140: 23PC
A141: Pyrus cordata | B141: 116576 | C141: Poirier à feuilles en cur | D141: 23PF
A142: Pyrus nivalis | B142: 116594 | C142: Poirier neigeux | D142: 49PN
A143: Pyrus spinosa | B143: 116610 | C143: Poirier à feuilles d'amandier | D143: 23PA
A144: Quercus cerris | B144: 116670 | C144: Chêne chevelu | D144: 34
A145: Quercus coccinea | B145: 159897 | C145: Chêne écarlate | D145: 29CE
A146: Quercus crenata | B146: 116677 | C146: Chêne faux-liège | D146: 08P
... A159: Rhus vernicifera | B159: 160246 | C159: Vernis vrai | D159: 49VV
A160: Ribes alpinum | B160: 117748 | C160: Groseillier des Alpes
A161: Robinia pseudoacacia | B161: 117860 | C161: Robinier faux acacia | D161: 14
A162: Rosa arvensis | B162: 118016 | C162: Rosier des champs
...

Sheet CLASSES_Structure
A1: Code | B1: Libellé | D1: Code | E1: Peuplement | G1: Code | H1: Catégorie de peuplement
A2: T | B2: Taillis | D2: HET | E2: Hêtre | G2: HET | H2: Hêtraie / Hêtraie-sapinière montagnarde
A3: MTF | B3: Mélange taillis-futaie | D3: CHE | E3: Chêne | G3: FEU | H3: Peuplements de feuillus mixtes (chênaie / hêtraie à mélange de frêne et de chataîgnier) des vallées et versants
A4: FI | B4: Futaie irrégulière | D4: CHA | E4: Châtaignier | G4: CON | H4: Peuplements d'autres conifères (pin sylvestre, épicéa, mélèze)
A5: FR | B5: Futaie régulière | D5: FEU | E5: Mélange de feuillus
A6: A | B6: Autres | D6: SAP | E6: Sapin
D7: EPI | E7: Épicéa
D8: PIN | E8: Pin
D9: MEL | E9: Mélèze
D10: DOU | E10: Douglas
D11: CON | E11: Mélange de conifères
D12: MIX | E12: Mixte feuillus et conifères
